golfCourseId,golf_name,address,url,lat,lng
GC1001,旭川国際カントリークラブ,078-1413 北海道上川郡愛別町伏古,https://www.google.com/search?q=旭川国際カントリークラブ,43.9120216,142.5967559
GC1002,旭川ゴルフ倶楽部,070-8022 北海道旭川市神居町台場３２６,https://www.google.com/search?q=旭川ゴルフ倶楽部,43.773744,142.303111
GC1003,恵庭カントリー倶楽部,061-1422 北海道恵庭市盤尻５３−２,https://www.google.com/search?q=恵庭カントリー倶楽部,42.8524389,141.4877466
GC1004,エミナゴルフクラブ,059-1365 北海道苫小牧市植苗３４１,https://www.google.com/search?q=エミナゴルフクラブ,42.6891609,141.6559959
GC1005,大沼国際カントリークラブ,041-1405 北海道茅部郡鹿部町駒見４９−１０,https://www.google.com/search?q=大沼国際カントリークラブ,42.02745540000001,140.7548639
GC1006,大沼レイクゴルフクラブ,049-2142 北海道茅部郡森町赤井川２５２,https://www.google.com/search?q=大沼レイクゴルフクラブ,42.0118427,140.6459402
GC1007,小樽カントリー倶楽部,047-0261 北海道小樽市銭函３丁目７３,https://www.google.com/search?q=小樽カントリー倶楽部,43.1490798,141.2019857
GC1008,帯広カントリークラブ,082-0086 北海道河西郡芽室町中美生５線３４,https://www.google.com/search?q=帯広カントリークラブ,42.840865,142.97352
GC1009,帯広国際カントリークラブ,089-0563 北海道中川郡幕別町千住４２７,https://www.google.com/search?q=帯広国際カントリークラブ,42.9002897,143.2727691
GC1010,帯広白樺カントリークラブ,080-0271 北海道河東郡音更町長流枝１７−１５,https://www.google.com/search?q=帯広白樺カントリークラブ,43.0132908,143.3001656
GC1011,桂ゴルフ倶楽部,059-1365 北海道苫小牧市植苗５７７−１,https://www.google.com/search?q=桂ゴルフ倶楽部,42.7490367,141.644412
GC1012,釧路カントリークラブ,085-1144 北海道阿寒郡鶴居村幌呂下幌呂２３−２３,https://www.google.com/search?q=釧路カントリークラブ,43.1462083,144.3131861
GC1013,釧路風林カントリークラブ,085-1147 北海道阿寒郡鶴居村幌呂５９−１,https://www.google.com/search?q=釧路風林カントリークラブ,43.1445449,144.2968996
GC1014,クラークカントリークラブ,061-1266 北海道北広島市三島１１３,https://www.google.com/search?q=クラークカントリークラブ,42.92123300000001,141.511811
GC1015,御前水ゴルフ倶楽部,059-1361 北海道苫小牧市美沢１１４−１,https://www.google.com/search?q=御前水ゴルフ倶楽部,42.7764428,141.7302421
GC1016,札樽ゴルフ倶楽部,047-0154 北海道小樽市朝里川温泉１丁目５０４,https://www.google.com/search?q=札樽ゴルフ倶楽部,43.1366309,141.029341
GC1017,札幌エルムカントリークラブ,061-1363 北海道恵庭市島松沢５５,https://www.google.com/search?q=札幌エルムカントリークラブ,42.91318649999999,141.5020196
GC1018,札幌カントリークラブ,005-0863 北海道札幌市南区常盤 常盤200 札幌市南区 0050863 北海道,https://www.google.com/search?q=札幌カントリークラブ,42.90526,141.3323
GC1019,札幌国際カントリークラブ島松コース,061-1265 北海道北広島市島松４９−５,https://www.google.com/search?q=札幌国際カントリークラブ島松コース,42.9334554,141.5375867
GC1020,札幌ゴルフ倶楽部,064-0804 北海道札幌市中央区南４条西３丁目 北星ビル 3F,https://www.google.com/search?q=札幌ゴルフ倶楽部,43.05601,141.3537408
GC1021,札幌南ゴルフクラブ駒丘コース,005-0861 北海道札幌市南区真駒内２８０,https://www.google.com/search?q=札幌南ゴルフクラブ駒丘コース,42.937235,141.362249
GC1022,札幌テイネゴルフ倶楽部,006-0029 北海道札幌市手稲区手稲本町593番地,https://www.google.com/search?q=札幌テイネゴルフ倶楽部,43.10399959999999,141.2091467
GC1023,札幌芙蓉カントリー倶楽部,004-0821 北海道札幌市清田区有明札幌芙蓉ＣＣ,https://www.google.com/search?q=札幌芙蓉カントリー倶楽部,42.9674771,141.4394269
GC1024,札幌ベイゴルフ倶楽部,061-3378 北海道石狩市船場町４３−１３,https://www.google.com/search?q=札幌ベイゴルフ倶楽部,43.219089,141.36395
GC1025,札幌リージェントゴルフ倶楽部,061-1265 北海道北広島市島松６４１,https://www.google.com/search?q=札幌リージェントゴルフ倶楽部,42.9302686,141.4860299
GC1026,ザ・ノースカントリーゴルフクラブ,066-0068 北海道千歳市蘭越２６ ザ・ノースカントリーゴルフクラブ 内,https://www.google.com/search?q=ザ・ノースカントリーゴルフクラブ,42.8171806,141.6011047
GC1027,鹿部カントリー倶楽部,041-1404 北海道茅部郡本別 鹿部町本別530-248,https://www.google.com/search?q=鹿部カントリー倶楽部,42.073391,140.77104
GC1028,新千歳カントリークラブ,066-0005 北海道千歳市協和１３９２,https://www.google.com/search?q=新千歳カントリークラブ,42.89827200000001,141.762973
GC1029,スウェーデンヒルズゴルフ倶楽部,061-3777 北海道石狩郡当別町スウェーデンヒルズ２７８８−２８,https://www.google.com/search?q=スウェーデンヒルズゴルフ倶楽部,43.2232342,141.4505375
GC1030,大雪山カントリークラブ,071-1563 北海道上川郡東神楽町,https://www.google.com/search?q=大雪山カントリークラブ,43.64907119999999,142.497495
GC1031,滝のカントリークラブ,005-0862 北海道札幌市南区滝野２１３,https://www.google.com/search?q=滝のカントリークラブ,42.9064408,141.3525828
GC1032,伊達カントリークラブ,059-0152 北海道伊達市北有珠町２２３,https://www.google.com/search?q=伊達カントリークラブ,42.5218733,140.8353207
GC1033,チサンカントリークラブ銭函,047-0262 北海道小樽市星野町74,https://www.google.com/search?q=チサンカントリークラブ銭函,43.1281517,141.1732686
GC1034,千歳空港カントリークラブ,059-1365 北海道苫小牧市植苗２９１,https://www.google.com/search?q=千歳空港カントリークラブ,42.728703,141.692367
GC1035,ツキサップゴルフクラブ,004-0821 北海道札幌市清田区有明４１２−５,https://www.google.com/search?q=ツキサップゴルフクラブ,42.93124359999999,141.3957804
GC1036,十勝カントリークラブ,080-0272 北海道河東郡音更町下士幌５１,https://www.google.com/search?q=十勝カントリークラブ,42.9697155,143.2829523
GC1037,名寄白樺カントリー倶楽部,096-0062 北海道名寄市日彰３９１,https://www.google.com/search?q=名寄白樺カントリー倶楽部,44.3232984,142.5014302
GC1038,ニドムクラシックコース,059-1365 北海道苫小牧市植苗４３０,https://www.google.com/search?q=ニドムクラシックコース,42.7178858,141.6541586
GC1039,登別カントリー倶楽部,059-0552 北海道登別市上登別町９−１,https://www.google.com/search?q=登別カントリー倶楽部,42.48630139999999,141.1083374
GC1040,函館ゴルフ倶楽部,042-0956 北海道函館市見晴町５８,https://www.google.com/search?q=函館ゴルフ倶楽部,41.7931836,140.8062801
GC1041,函館シーサイドカントリークラブ,041-0263 北海道函館市豊原町２３７,https://www.google.com/search?q=函館シーサイドカントリークラブ,41.7868058,140.8672303
GC1042,函館ベイコーストカントリークラブ,049-0133 北海道北斗市柳沢 柳沢３２３−１,https://www.google.com/search?q=函館ベイコーストカントリークラブ,41.8103629,140.6061004
GC1043,ハッピーバレーゴルフクラブ札幌,061-0202 北海道石狩郡当別町茂平沢３３８２,https://www.google.com/search?q=ハッピーバレーゴルフクラブ札幌,43.2424735,141.5436536
GC1044,羊ヶ丘カントリークラブ,062-0039 北海道札幌市豊平区西岡５４９,https://www.google.com/search?q=羊ヶ丘カントリークラブ,42.9670113,141.3911414
GC1045,フォレスト旭川カントリークラブ,070-8034 北海道旭川市神居町上雨紛４３０,https://www.google.com/search?q=フォレスト旭川カントリークラブ,43.704955,142.363397
GC1046,北海道カントリークラブ大沼コース,041-1355 北海道亀田郡七飯町西大沼,https://www.google.com/search?q=北海道カントリークラブ大沼コース,,
GC1047,北海道ブルックスカントリークラブ,059-1365 北海道苫小牧市植苗４３７,https://www.google.com/search?q=北海道ブルックスカントリークラブ,42.7222222,141.6694444
GC1048,真駒内カントリークラブ,005-0863 北海道札幌市南区常盤２００,https://www.google.com/search?q=真駒内カントリークラブ,42.9052629,141.3321372
GC1049,室蘭ゴルフ倶楽部,050-0055 北海道室蘭市崎守町２９３−１,https://www.google.com/search?q=室蘭ゴルフ倶楽部,42.3847794,140.955253
GC1050,青森カントリー倶楽部,030-0144 青森県青森市大別内葛野２２９,https://www.google.com/search?q=青森カントリー倶楽部,40.737245,140.7486649
GC1051,東奥カントリークラブ,039-3524 青森県青森市滝沢下川原１９０−１,https://www.google.com/search?q=東奥カントリークラブ,40.820305,140.858821
GC1052,十和田国際カントリークラブ,039-2371 青森県上北郡六戸町犬落瀬坪毛沢２５−１２６,https://www.google.com/search?q=十和田国際カントリークラブ,40.6227249,141.3271594
GC1053,夏泊ゴルフリンクス,039-3301 青森県東津軽郡平内町東田沢１０−２３０,https://www.google.com/search?q=夏泊ゴルフリンクス,41.0005634,140.8858641
GC1054,八戸カントリークラブ,039-1202 青森県三戸郡階上町赤保内大渡２１−２７,https://www.google.com/search?q=八戸カントリークラブ,40.4624962,141.6004263
GC1055,安比高原ゴルフクラブ,028-7306 岩手県八幡平市安比高原１８０−１,https://www.google.com/search?q=安比高原ゴルフクラブ,40.0124899,141.006522
GC1056,岩手ゴルフ倶楽部,028-3453 岩手県紫波郡紫波町土舘馬ノ子１−１,https://www.google.com/search?q=岩手ゴルフ倶楽部,39.539029,141.079736
GC1057,きたかみカントリークラブ,024-0323 岩手県北上市和賀町煤孫１地割９７−１,https://www.google.com/search?q=きたかみカントリークラブ,39.2676004,140.9817927
GC1058,八幡平カントリークラブ,020-0573 岩手県岩手郡雫石町南畑第３２地割８５−１,https://www.google.com/search?q=八幡平カントリークラブ,39.63946800000001,140.937192
GC1059,南岩手カントリークラブ,029-3102 岩手県一関市花泉町金沢鹿伏１４−２,https://www.google.com/search?q=南岩手カントリークラブ,38.8738968,141.1464417
GC1060,盛岡カントリークラブ,020-0803 岩手県盛岡市新庄岩山５０,https://www.google.com/search?q=盛岡カントリークラブ,39.7021399,141.1922729
GC1061,盛岡ハイランドカントリークラブ,020-0054 岩手県盛岡市猪去釈迦堂４４−３,https://www.google.com/search?q=盛岡ハイランドカントリークラブ,39.6746418,141.0751466
GC1062,盛岡南ゴルフ倶楽部,028-3121 岩手県花巻市石鳥谷町戸塚第２地割２−１３−１,https://www.google.com/search?q=盛岡南ゴルフ倶楽部,39.474647,141.189713
GC1063,泉国際ゴルフ倶楽部,981-3221 宮城県仙台市泉区根白石花輪山 泉国際ＧＣ,https://www.google.com/search?q=泉国際ゴルフ倶楽部,38.3401118,140.7701373
GC1064,表蔵王国際ゴルフクラブ,989-1763 宮城県柴田郡柴田町船迫日光４８,https://www.google.com/search?q=表蔵王国際ゴルフクラブ,38.075298,140.781846
GC1065,仙台ヒルズゴルフ倶楽部,981-3217 宮城県仙台市泉区実沢中山南２５−５,https://www.google.com/search?q=仙台ヒルズゴルフ倶楽部,38.3011903,140.8245778
GC1066,東蔵王ゴルフ倶楽部,989-1503 宮城県柴田郡川崎町川内西山８,https://www.google.com/search?q=東蔵王ゴルフ倶楽部,38.2045743,140.6143171
GC1067,松島国際カントリークラブ,981-3521 宮城県黒川郡大郷町中村谷地際山５−２８,https://www.google.com/search?q=松島国際カントリークラブ,38.4141379,141.0124913
GC1068,松島チサンカントリークラブ,981-0214 宮城県宮城郡松島町桜渡戸上境田 字境田43,https://www.google.com/search?q=松島チサンカントリークラブ,38.3870694,141.0318776
GC1069,秋田カントリー倶楽部,010-1623 秋田県秋田市新屋町砂奴寄５−１,https://www.google.com/search?q=秋田カントリー倶楽部,39.718765,140.078597
GC1070,秋田太平山カントリークラブ,010-1103 秋田県秋田市太平中関務沢１−７,https://www.google.com/search?q=秋田太平山カントリークラブ,39.722356,140.237454
GC1071,羽後カントリー倶楽部,013-0519 秋田県横手市大森町持向２０９,https://www.google.com/search?q=羽後カントリー倶楽部,39.355161,140.431785
GC1072,大館カントリークラブ,018-5701 秋田県大館市比内町扇田横沢１２８−１,https://www.google.com/search?q=大館カントリークラブ,40.21528199999999,140.600604
GC1073,大野台ゴルフクラブ,018-3333 秋田県北秋田市坊沢 根小屋沢４５,https://www.google.com/search?q=大野台ゴルフクラブ,40.1973567,140.3226357
GC1074,南秋田カントリークラブ,010-0122 秋田県秋田市金足吉田浅田１−１,https://www.google.com/search?q=南秋田カントリークラブ,39.82326399999999,140.111761
GC1075,蔵王カントリークラブ,990-2303 山形県山形市蔵王上野２８４２−１,https://www.google.com/search?q=蔵王カントリークラブ,38.175505,140.314038
GC1076,天童カントリークラブ,994-0103 山形県天童市川原子４２７８−１０３,https://www.google.com/search?q=天童カントリークラブ,38.3879193,140.4399597
GC1077,最上川カントリークラブ,998-0054 山形県酒田市宮野浦１丁目２１−５,https://www.google.com/search?q=最上川カントリークラブ,38.9078468,139.8178804
GC1078,山形ゴルフ倶楽部,990-0341 山形県東村山郡山辺町大蕨３１９７−１,https://www.google.com/search?q=山形ゴルフ倶楽部,38.276125,140.20455
GC1079,会津磐梯カントリークラブ,969-3451 福島県会津若松市河東町八田大野原６２,https://www.google.com/search?q=会津磐梯カントリークラブ,37.5259848,139.9955545
GC1080,五浦庭園カントリークラブ,979-0141 福島県いわき市勿来町窪田大槻１９３−１,https://www.google.com/search?q=五浦庭園カントリークラブ,36.8748723,140.7593858
GC1081,宇津峰カントリークラブ,962-0711 福島県須賀川市塩田宮田１,https://www.google.com/search?q=宇津峰カントリークラブ,37.2997253,140.4480224
GC1082,小名浜オーシャンホテル＆ゴルフクラブ,971-8183 福島県いわき市泉町下川大畑１７,https://www.google.com/search?q=小名浜オーシャンホテル＆ゴルフクラブ,36.919268,140.8505206
GC1083,小名浜カントリー倶楽部,970-0317 福島県いわき市小名浜上神白東大沢１−４４,https://www.google.com/search?q=小名浜カントリー倶楽部,36.973932,140.9403263
GC1084,グランディ那須白河ゴルフクラブ,961-8091 福島県西白河郡西郷村熊倉雀子山３,https://www.google.com/search?q=グランディ那須白河ゴルフクラブ,37.1474589,140.1646099
GC1085,郡山熱海カントリークラブ,963-1302 福島県郡山市熱海町高玉株原１−１,https://www.google.com/search?q=郡山熱海カントリークラブ,37.5186708,140.2961036
GC1086,塩屋崎カントリークラブ,970-0222 福島県いわき市平沼ノ内町田２７９−１,https://www.google.com/search?q=塩屋崎カントリークラブ,37,140.958633
GC1087,白河高原カントリークラブ,961-8071 福島県西白河郡西郷村真船欠入１−１,https://www.google.com/search?q=白河高原カントリークラブ,37.1720197,140.0355001
GC1088,白河国際カントリークラブ,961-0301 福島県白河市東下野出島中子山２０−１７,https://www.google.com/search?q=白河国際カントリークラブ,37.0896627,140.3853116
GC1089,スパリゾートハワイアンズ・ゴルフコース,972-8336 福島県いわき市渡辺町上釜戸橋ノ上２１６ スパリゾートハワイアンズゴルフコース,https://www.google.com/search?q=スパリゾートハワイアンズ・ゴルフコース,36.9901971,140.8014969
GC1090,棚倉ステークスカントリークラブ,963-6152 福島県東白川郡棚倉町小爪森ノ前１,https://www.google.com/search?q=棚倉ステークスカントリークラブ,37.0391997,140.3338877
GC1091,棚倉田舎倶楽部,963-6122 福島県東白川郡棚倉町仁公儀川原田２８６,https://www.google.com/search?q=棚倉田舎倶楽部,37.0395431,140.4051055
GC1092,パーシモンカントリークラブ,960-0808 福島県伊達市霊山町下小国東海間入２３,https://www.google.com/search?q=パーシモンカントリークラブ,37.7648726,140.6009673
GC1093,星野リゾート メローウッドゴルフクラブ,969-3396 福島県耶麻郡磐梯町更科清水平６８３８−６８,https://www.google.com/search?q=星野リゾート メローウッドゴルフクラブ,37.5802144,140.027637
GC1094,矢吹ゴルフ倶楽部,969-0262 福島県西白河郡矢吹町松房３１４,https://www.google.com/search?q=矢吹ゴルフ倶楽部,37.1707122,140.3296912
GC1095,矢吹ヒルズゴルフクラブ,９０-1 前久保 矢吹町 西白河郡 福島県 969-0257 日本,https://www.google.com/search?q=矢吹ヒルズゴルフクラブ,37.1790811,140.3835135
GC1096,湯本スプリングスカントリークラブ,972-0162 福島県いわき市遠野町滝山ノ神２４−５,https://www.google.com/search?q=湯本スプリングスカントリークラブ,36.9938464,140.7654362
GC1097,ローレルバレイカントリークラブ,962-0305 福島県須賀川市守屋南高松２２−３５,https://www.google.com/search?q=ローレルバレイカントリークラブ,37.3275258,140.2198998
GC1098,アジア下館カントリー倶楽部,309-1226 茨城県桜川市上野原地新田２２５,https://www.google.com/search?q=アジア下館カントリー倶楽部,36.3459695,140.0587749
GC1099,アジア取手カントリー倶楽部,302-0026 茨城県取手市稲１３４０,https://www.google.com/search?q=アジア取手カントリー倶楽部,35.9094924,140.0364074
GC1100,アスレチックガーデンゴルフ倶楽部,300-0616 茨城県稲敷市東大沼４０２,https://www.google.com/search?q=アスレチックガーデンゴルフ倶楽部,35.93929,140.352889
GC1101,阿見ゴルフクラブ,300-0325 茨城県稲敷郡阿見町上条１７６０−１,https://www.google.com/search?q=阿見ゴルフクラブ,36.0013678,140.238002
GC1102,茨城ゴルフ倶楽部,300-2352 茨城県つくばみらい市小島新田１０２,https://www.google.com/search?q=茨城ゴルフ倶楽部,36.0027542,140.0528259
GC1103,茨城パシフィックカントリー倶楽部,319-1714 茨城県北茨城市関南町神岡上１１１３,https://www.google.com/search?q=茨城パシフィックカントリー倶楽部,36.8237504,140.7525951
GC1104,茨城ロイヤルカントリー倶楽部,313-0008 茨城県常陸太田市増井町１６９５,https://www.google.com/search?q=茨城ロイヤルカントリー倶楽部,36.5600733,140.5048642
GC1105,内原カントリー倶楽部,319-0323 茨城県水戸市鯉淵町６７９８,https://www.google.com/search?q=内原カントリー倶楽部,36.3489574,140.3446086
GC1106,江戸崎カントリー倶楽部,300-0525 茨城県稲敷市羽賀２０４８,https://www.google.com/search?q=江戸崎カントリー倶楽部,35.9418356,140.2803986
GC1107,大洗ゴルフ倶楽部,311-1301 茨城県東茨城郡大洗町磯浜町８２３１−１,https://www.google.com/search?q=大洗ゴルフ倶楽部,36.3214874,140.5894775
GC1108,大利根カントリークラブ,306-0633 茨城県坂東市下出島１０,https://www.google.com/search?q=大利根カントリークラブ,36.030974,139.895294
GC1109,鹿島の杜カントリー倶楽部,311-2206 茨城県鹿嶋市武井１８７７−１,https://www.google.com/search?q=鹿島の杜カントリー倶楽部,36.053948,140.583255
GC1110,かすみがうらゴルフクラブ,300-0202 茨城県かすみがうら市田伏５１３６,https://www.google.com/search?q=かすみがうらゴルフクラブ,36.088003,140.364375
GC1111,霞ヶ浦カントリー倶楽部,311-3501 茨城県行方市芹沢１０００,https://www.google.com/search?q=霞ヶ浦カントリー倶楽部,36.144514,140.436968
GC1112,霞台カントリークラブ,300-0623 茨城県稲敷市四箇３４０５,https://www.google.com/search?q=霞台カントリークラブ,35.967359,140.381147
GC1113,金砂郷カントリークラブ,313-0105 茨城県常陸太田市中利員町２８５６−１,https://www.google.com/search?q=金砂郷カントリークラブ,36.570487,140.440822
GC1114,カントリークラブ・ザ・レイクス,309-1622 茨城県笠間市南吉原８９０,https://www.google.com/search?q=カントリークラブ・ザ・レイクス,36.348358,140.253964
GC1115,金乃台カントリークラブ,300-1211 茨城県牛久市柏田町３４３２,https://www.google.com/search?q=金乃台カントリークラブ,35.97127150000001,140.1611938
GC1116,栗橋國際カントリー倶楽部,306-0053 茨城県古河市中田１００,https://www.google.com/search?q=栗橋國際カントリー倶楽部,36.1413497,139.714981
GC1117,グランドスラムカントリークラブ,313-0026 茨城県常陸太田市田渡町８２３−１１,https://www.google.com/search?q=グランドスラムカントリークラブ,36.5552108,140.5530863
GC1118,ゴルフ倶楽部セブンレイクス,319-2225 茨城県常陸大宮市北塩子５３３,https://www.google.com/search?q=ゴルフ倶楽部セブンレイクス,36.5994444,140.3408333
GC1119,ゴルフ５カントリーかさまフォレスト,309-1634 茨城県笠間市福原３０１,https://www.google.com/search?q=ゴルフ５カントリーかさまフォレスト,36.3367394,140.1754395
GC1120,ゴルフ５カントリーサニーフィールド,311-4503 茨城県常陸大宮市野口１７４３−１４,https://www.google.com/search?q=ゴルフ５カントリーサニーフィールド,36.5587809,140.3295697
GC1121,サザンヤードカントリークラブ,311-4314 茨城県東茨城郡城里町下古内７７６,https://www.google.com/search?q=サザンヤードカントリークラブ,36.451359,140.352152
GC1122,猿島カントリー倶楽部,306-0505 茨城県坂東市菅谷２３４０,https://www.google.com/search?q=猿島カントリー倶楽部,36.1205156,139.8613622
GC1123,ザ・インペリアルカントリークラブ,300-0508 茨城県稲敷市佐倉１３２４−１,https://www.google.com/search?q=ザ・インペリアルカントリークラブ,35.9921874,140.3302178
GC1124,ザ・ゴルフクラブ竜ヶ崎,301-0857 茨城県龍ケ崎市泉町 原口1592-77,https://www.google.com/search?q=ザ・ゴルフクラブ竜ヶ崎,35.955391,140.2023618
GC1125,宍戸ヒルズカントリークラブ,309-1725 茨城県笠間市南小泉１３４０,https://www.google.com/search?q=宍戸ヒルズカントリークラブ,36.3254257,140.2798393
GC1126,静ヒルズカントリークラブ,319-2132 茨城県常陸大宮市小場５７６６,https://www.google.com/search?q=静ヒルズカントリークラブ,36.5029828,140.4133597
GC1127,白帆カントリークラブ,311-1526 茨城県鉾田市半原３０８−４,https://www.google.com/search?q=白帆カントリークラブ,36.1346722,140.4617424
GC1128,ジェイゴルフ霞ヶ浦,311-2432 茨城県潮来市茂木２７９−１,https://www.google.com/search?q=ジェイゴルフ霞ヶ浦,35.9937171,140.5333251
GC1129,JGM笠間ゴルフクラブ,309-1463 茨城県桜川市高幡４２６,https://www.google.com/search?q=JGM笠間ゴルフクラブ,36.3381529,140.1635249
GC1130,常陽カントリー倶楽部,300-2351 茨城県つくばみらい市善助新田東原１５ 東原１５,https://www.google.com/search?q=常陽カントリー倶楽部,36.007309,140.0539165
GC1131,スプリングフィルズゴルフクラブ,309-1101 茨城県筑西市小栗６５８８,https://www.google.com/search?q=スプリングフィルズゴルフクラブ,36.3724376,140.0249835
GC1132,セゴビアゴルフクラブ イン チヨダ,315-0077 茨城県かすみがうら市高倉１３８４,https://www.google.com/search?q=セゴビアゴルフクラブ イン チヨダ,36.205481,140.224115
GC1133,セントラルゴルフクラブ,311-3832 茨城県行方市麻生２１９６,https://www.google.com/search?q=セントラルゴルフクラブ,36.0060897,140.4800978
GC1134,玉造ゴルフ倶楽部,311-3503 茨城県行方市捻木７６０,https://www.google.com/search?q=玉造ゴルフ倶楽部,36.134343,140.413145
GC1135,ダイヤグリーン倶楽部,311-1527 茨城県鉾田市借宿２２２２,https://www.google.com/search?q=ダイヤグリーン倶楽部,36.1530029,140.4569971
GC1136,千代田カントリークラブ,315-0065 茨城県かすみがうら市上佐谷８７７−６,https://www.google.com/search?q=千代田カントリークラブ,36.1703822,140.2138833
GC1137,筑波カントリークラブ,300-2301 茨城県つくばみらい市高岡８３０−２,https://www.google.com/search?q=筑波カントリークラブ,35.9937095,140.0632019
GC1138,筑波東急ゴルフクラブ,300-4204 茨城県つくば市作谷８６２−１,https://www.google.com/search?q=筑波東急ゴルフクラブ,36.1756427,140.0486369
GC1139,つくばねカントリークラブ,300-4212 茨城県つくば市神郡２７２６,https://www.google.com/search?q=つくばねカントリークラブ,36.2024643,140.1225536
GC1140,土浦カントリー倶楽部,300-0635 茨城県稲敷市堀之内４１９,https://www.google.com/search?q=土浦カントリー倶楽部,35.9541089,140.3566629
GC1141,出島ゴルフクラブ,300-0204 茨城県かすみがうら市下軽部８８１,https://www.google.com/search?q=出島ゴルフクラブ,36.1028709,140.3422393
GC1142,利根ゴルフ倶楽部,300-0603 茨城県稲敷市伊佐部１４５０,https://www.google.com/search?q=利根ゴルフ倶楽部,35.9440245,140.4132802
GC1143,利根パークゴルフ場,302-0024 茨城県取手市新町４丁目１−５０,https://www.google.com/search?q=利根パークゴルフ場,35.89505,140.0582427
GC1144,取手国際ゴルフ倶楽部,300-2307 茨城県つくばみらい市板橋２９９４,https://www.google.com/search?q=取手国際ゴルフ倶楽部,35.9806327,140.0632171
GC1145,ニッソーカントリークラブ,300-1336 茨城県稲敷郡河内町大徳鍋子新田１１２４−１,https://www.google.com/search?q=ニッソーカントリークラブ,35.8655268,140.2352531
GC1146,ノースショアカントリークラブ,311-1704 茨城県行方市山田２４２３,https://www.google.com/search?q=ノースショアカントリークラブ,36.0826375,140.5234317
GC1147,坂東ゴルフクラブ,306-0607 茨城県坂東市弓田３３７７,https://www.google.com/search?q=坂東ゴルフクラブ,36.0771141,139.9060821
GC1148,東筑波カントリークラブ,315-0138 茨城県石岡市上林１２２４−２,https://www.google.com/search?q=東筑波カントリークラブ,36.2376328,140.2157994
GC1149,PGM石岡ゴルフクラブ,311-3401 茨城県小美玉市世楽１０５０−１,https://www.google.com/search?q=PGM石岡ゴルフクラブ,36.2132639,140.3744141
GC1150,富士カントリー笠間倶楽部,309-1602 茨城県笠間市池野辺２５２３,https://www.google.com/search?q=富士カントリー笠間倶楽部,36.4208576,140.3370593
GC1151,扶桑カントリー倶楽部,309-1731 茨城県笠間市上市原１１００,https://www.google.com/search?q=扶桑カントリー倶楽部,36.393227,140.30779
GC1152,フレンドシップカントリークラブ,300-2747 茨城県常総市崎房１９５５−２,https://www.google.com/search?q=フレンドシップカントリークラブ,36.13198200000001,139.907698
GC1153,マナゴルフクラブ,319-2225 茨城県常陸大宮市西塩子１６８,https://www.google.com/search?q=マナゴルフクラブ,36.582292,140.349953
GC1154,水戸・ゴルフ・クラブ,311-4163 茨城県水戸市加倉井町１７６０,https://www.google.com/search?q=水戸・ゴルフ・クラブ,36.4031787,140.3771595
GC1155,水戸レイクスカントリークラブ,311-4306 茨城県東茨城郡城里町春園７５４,https://www.google.com/search?q=水戸レイクスカントリークラブ,36.4793319,140.3481903
GC1156,美浦ゴルフ倶楽部,300-0404 茨城県稲敷郡美浦村土浦蔵後２５６８−１９,https://www.google.com/search?q=美浦ゴルフ倶楽部,36.0174906,140.3418082
GC1157,龍ヶ崎カントリー倶楽部,301-0857 茨城県龍ケ崎市泉町２０８０番地,https://www.google.com/search?q=龍ヶ崎カントリー倶楽部,35.9444441,140.2167433
GC1158,あさひヶ丘カントリークラブ,328-0065 栃木県栃木市小野口町１３５１,https://www.google.com/search?q=あさひヶ丘カントリークラブ,36.3848843,139.6575614
GC1159,足利城ゴルフ倶楽部,326-0061 栃木県足利市田島町２１２７−１,https://www.google.com/search?q=足利城ゴルフ倶楽部,36.392566,139.462666
GC1160,アゼリアヒルズカントリークラブ,328-0204 栃木県栃木市梅沢町１,https://www.google.com/search?q=アゼリアヒルズカントリークラブ,36.4302297,139.6549647
GC1161,宇都宮カンツリークラブ,320-0051 栃木県宇都宮市上戸祭町３１００,https://www.google.com/search?q=宇都宮カンツリークラブ,36.6014963,139.8626577
GC1162,大日向カントリー倶楽部,329-1411 栃木県さくら市鷲宿３８８０,https://www.google.com/search?q=大日向カントリー倶楽部,36.75259459999999,139.9998074
GC1163,大平台カントリークラブ,328-0067 栃木県栃木市皆川城内町２４９８,https://www.google.com/search?q=大平台カントリークラブ,36.3722144,139.6791435
GC1164,小山ゴルフクラブ,323-0014 栃木県小山市喜沢１１４０,https://www.google.com/search?q=小山ゴルフクラブ,36.3421281,139.8136079
GC1165,オリムピック･スタッフ都賀ゴルフコース,328-0107 栃木県栃木市都賀町臼久保３９５,https://www.google.com/search?q=オリムピック･スタッフ都賀ゴルフコース,36.4347256,139.7043351
GC1166,鹿沼カントリー倶楽部,322-0532 栃木県鹿沼市藤江町１５４５−２,https://www.google.com/search?q=鹿沼カントリー倶楽部,36.5037155,139.7750701
GC1167,鹿沼72カントリークラブ,322-0526 栃木県鹿沼市楡木町１４７５,https://www.google.com/search?q=鹿沼72カントリークラブ,36.5150861,139.7348667
GC1168,唐沢ゴルフ倶楽部,327-0801 栃木県佐野市富士町１,https://www.google.com/search?q=唐沢ゴルフ倶楽部,36.3360225,139.5951913
GC1169,烏山城カントリークラブ,321-0602 栃木県那須烏山市大桶２４０１,https://www.google.com/search?q=烏山城カントリークラブ,36.7095833,140.1424524
GC1170,関東国際カントリークラブ,321-3545 栃木県芳賀郡茂木町下菅又７３５,https://www.google.com/search?q=関東国際カントリークラブ,36.5411514,140.1387954
GC1171,喜連川カントリー倶楽部,329-1403 栃木県さくら市穂積１２５６,https://www.google.com/search?q=喜連川カントリー倶楽部,36.7578617,140.055454
GC1172,鬼怒川カントリークラブ,321-2523 栃木県日光市高徳６２,https://www.google.com/search?q=鬼怒川カントリークラブ,36.7749297,139.7149927
GC1173,希望丘カントリークラブ,321-3628 栃木県芳賀郡茂木町深沢２１２０,https://www.google.com/search?q=希望丘カントリークラブ,36.44781,140.1805125
GC1174,広陵カントリークラブ,322-0073 栃木県鹿沼市西鹿沼町１１４０−２,https://www.google.com/search?q=広陵カントリークラブ,36.5804319,139.7256518
GC1175,ゴールデンレイクスカントリークラブ,321-4513 栃木県真岡市三谷８２７,https://www.google.com/search?q=ゴールデンレイクスカントリークラブ,36.380056,140.03571
GC1176,ゴールド佐野カントリークラブ,327-0307 栃木県佐野市岩崎町１６１６,https://www.google.com/search?q=ゴールド佐野カントリークラブ,36.388007,139.5595896
GC1177,皐月ゴルフ倶楽部鹿沼コース,322-0047 栃木県鹿沼市酒野谷１２４０,https://www.google.com/search?q=皐月ゴルフ倶楽部鹿沼コース,36.548647,139.728562
GC1178,皐月ゴルフ倶楽部佐野コース,327-0305 栃木県佐野市船越町３１８３,https://www.google.com/search?q=皐月ゴルフ倶楽部佐野コース,36.4111023,139.5820861
GC1179,佐野ゴルフクラブ,327-0104 栃木県佐野市赤見町５１７０,https://www.google.com/search?q=佐野ゴルフクラブ,36.360801,139.518158
GC1180,サンヒルズカントリークラブ,321-2112 栃木県宇都宮市上横倉町１０００,https://www.google.com/search?q=サンヒルズカントリークラブ,36.6516642,139.8701373
GC1181,塩原カントリークラブ,329-2804 栃木県那須塩原市折戸１４８,https://www.google.com/search?q=塩原カントリークラブ,36.962436,139.929404
GC1182,東雲ゴルフクラブ,329-1211 栃木県塩谷郡高根沢町亀梨６３０,https://www.google.com/search?q=東雲ゴルフクラブ,36.6576512,140.0564791
GC1183,城山カントリー倶楽部,326-0141 栃木県足利市小俣町４００８,https://www.google.com/search?q=城山カントリー倶楽部,36.393525,139.3758939
GC1184,新宇都宮カントリークラブ,321-3405 栃木県芳賀郡市貝町大谷津１１８０,https://www.google.com/search?q=新宇都宮カントリークラブ,36.6075,140.1022222
GC1185,杉ノ郷カントリークラブ,321-2351 栃木県日光市塩野室町１８６３,https://www.google.com/search?q=杉ノ郷カントリークラブ,36.7344224,139.7862542
GC1186,千成ゴルフクラブ,324-0025 栃木県大田原市大神６３３,https://www.google.com/search?q=千成ゴルフクラブ,36.796517,140.041745
GC1187,鷹ゴルフ倶楽部,322-0302 栃木県鹿沼市深程１４８２,https://www.google.com/search?q=鷹ゴルフ倶楽部,36.4959586,139.6956806
GC1188,都賀カンツリー倶楽部,328-0203 栃木県栃木市尻内町１７５７−１,https://www.google.com/search?q=都賀カンツリー倶楽部,36.4473325,139.6821244
GC1189,ディアレイク・カントリー倶楽部,322-0072 栃木県鹿沼市玉田町１２００,https://www.google.com/search?q=ディアレイク・カントリー倶楽部,36.5861383,139.7280521
GC1190,東松苑ゴルフ倶楽部,329-4216 栃木県足利市駒場町１２３４,https://www.google.com/search?q=東松苑ゴルフ倶楽部,36.3176457,139.5172901
GC1191,栃木カントリークラブ,328-0063 栃木県栃木市岩出町６１６,https://www.google.com/search?q=栃木カントリークラブ,36.378785,139.696749
GC1192,栃木ヶ丘ゴルフ倶楽部,328-0121 栃木県栃木市細堀町３７６,https://www.google.com/search?q=栃木ヶ丘ゴルフ倶楽部,36.4214333,139.7085417
GC1193,那須小川ゴルフクラブ,324-0502 栃木県那須郡那珂川町三輪１２８３,https://www.google.com/search?q=那須小川ゴルフクラブ,36.7529156,140.0951818
GC1194,那須カントリークラブ,329-3215 栃木県那須郡那須町寺子乙６７７−２８,https://www.google.com/search?q=那須カントリークラブ,36.9877698,140.0913426
GC1195,那須国際カントリークラブ,325-0002 栃木県那須郡那須町高久丙１７９２,https://www.google.com/search?q=那須国際カントリークラブ,37.0712623,140.0229492
GC1196,西那須野カントリー倶楽部,329-2747 栃木県那須塩原市千本松８０４−２,https://www.google.com/search?q=西那須野カントリー倶楽部,36.9452131,139.9362406
GC1197,日光カンツリー倶楽部,321-1421 栃木県日光市所野２８３３,https://www.google.com/search?q=日光カンツリー倶楽部,36.7448157,139.6513147
GC1198,ニュー・セントアンドリュースゴルフクラブ・ジャパン,324-0024 栃木県大田原市福原２００２,https://www.google.com/search?q=ニュー・セントアンドリュースゴルフクラブ・ジャパン,36.79278490000001,140.0531931
GC1199,芳賀カントリークラブ,321-3423 栃木県芳賀郡市貝町市塙４９３３,https://www.google.com/search?q=芳賀カントリークラブ,36.5202594,140.1062393
GC1200,東ノ宮カントリークラブ,321-3623 栃木県芳賀郡茂木町木幡１８１,https://www.google.com/search?q=東ノ宮カントリークラブ,36.5008674,140.1710685
GC1201,ピートダイゴルフクラブＶＩＰコース,321-2354 栃木県日光市嘉多蔵６６８,https://www.google.com/search?q=ピートダイゴルフクラブＶＩＰコース,36.711083,139.791207
GC1202,風月カントリー倶楽部,321-0631 栃木県那須烏山市城山２６４１,https://www.google.com/search?q=風月カントリー倶楽部,36.6719402,140.1377366
GC1203,プレステージカントリークラブ,328-0131 栃木県栃木市梓町４５５−１,https://www.google.com/search?q=プレステージカントリークラブ,36.4358265,139.6873885
GC1204,ホウライカントリー倶楽部,329-2747 栃木県那須塩原市千本松７９３,https://www.google.com/search?q=ホウライカントリー倶楽部,36.9480855,139.9312385
GC1205,益子カントリー倶楽部,321-4212 栃木県芳賀郡益子町上大羽２２６８,https://www.google.com/search?q=益子カントリー倶楽部,36.4629534,140.1386742
GC1206,ましこゴルフ倶楽部,321-4104 栃木県芳賀郡益子町大沢２２０２−８,https://www.google.com/search?q=ましこゴルフ倶楽部,36.48433,140.145573
GC1207,真名子カントリー倶楽部,322-0605 栃木県栃木市西方町元真名子４３６−１,https://www.google.com/search?q=真名子カントリー倶楽部,36.4767942,139.71168
GC1208,皆川城カントリークラブ,328-0067 栃木県栃木市皆川城内町２６１１−２,https://www.google.com/search?q=皆川城カントリークラブ,36.4029503,139.6784821
GC1209,矢板カントリークラブ,329-2506 栃木県矢板市平野１３６４,https://www.google.com/search?q=矢板カントリークラブ,36.8667883,139.8918022
GC1210,ＬiＶＥ ＭＡＸゴルフクラブ栃木,328-0211 栃木県鹿沼市上永野２５８５,https://www.google.com/search?q=ＬiＶＥ ＭＡＸゴルフクラブ栃木,36.4997938,139.5729458
GC1211,レイクランドカントリークラブ,321-0342 栃木県宇都宮市福岡町１０８６,https://www.google.com/search?q=レイクランドカントリークラブ,36.6125412,139.7873077
GC1212,ロイヤルカントリークラブ,321-0411 栃木県宇都宮市宮山田町１３１９,https://www.google.com/search?q=ロイヤルカントリークラブ,36.7201712,139.8591208
GC1213,赤城国際カントリークラブ,371-0101 群馬県前橋市富士見町赤城山２０３６,https://www.google.com/search?q=赤城国際カントリークラブ,36.4967173,139.126643
GC1214,赤城ゴルフ倶楽部,379-1113 群馬県渋川市赤城町南赤城山４００,https://www.google.com/search?q=赤城ゴルフ倶楽部,36.5363412,139.0732963
GC1215,伊香保カントリークラブ,377-0102 群馬県渋川市伊香保町伊香保６５４,https://www.google.com/search?q=伊香保カントリークラブ,36.4982486,138.9389171
GC1216,伊香保国際カンツリークラブ,377-0025 群馬県渋川市川島２４７０−８,https://www.google.com/search?q=伊香保国際カンツリークラブ,36.513006,138.94548
GC1217,伊香保ゴルフ倶楽部,377-0302 群馬県吾妻郡東吾妻町岡崎１３０１,https://www.google.com/search?q=伊香保ゴルフ倶楽部,36.5220628,138.9120203
GC1218,梅ノ郷ゴルフ倶楽部,379-0103 群馬県安中市中秋間１９８−４,https://www.google.com/search?q=梅ノ郷ゴルフ倶楽部,36.343929,138.856945
GC1219,太田双葉カントリークラブ,373-0001 群馬県太田市西長岡町１５２４,https://www.google.com/search?q=太田双葉カントリークラブ,36.3577894,139.3378712
GC1220,関越ハイランドゴルフクラブ,370-2127 群馬県高崎市吉井町長根２７１８,https://www.google.com/search?q=関越ハイランドゴルフクラブ,36.2318997,138.9646757
GC1221,甘楽カントリークラブ,370-2217 群馬県甘楽郡甘楽町天引１９５５,https://www.google.com/search?q=甘楽カントリークラブ,36.2282724,138.9416104
GC1222,桐生カントリークラブ,376-0137 群馬県桐生市新里町赤城山１１１３,https://www.google.com/search?q=桐生カントリークラブ,36.4917206,139.2243991
GC1223,草津カントリークラブ,377-1712 群馬県吾妻郡草津町大字前口３−４５,https://www.google.com/search?q=草津カントリークラブ,36.5792241,138.5823393
GC1224,グリーンパークカントリークラブ,375-0046 群馬県藤岡市下日野１５８１,https://www.google.com/search?q=グリーンパークカントリークラブ,36.2143331,138.9869096
GC1225,白水ゴルフ倶楽部,377-0206 群馬県渋川市横堀１６７６,https://www.google.com/search?q=白水ゴルフ倶楽部,36.5547523,138.984085
GC1226,JGMベルエアゴルフクラブ,370-3347 群馬県高崎市中室田町３８０１,https://www.google.com/search?q=JGMベルエアゴルフクラブ,36.4157886,138.8559181
GC1227,ツインレイクスカントリー倶楽部,375-0036 群馬県藤岡市高山１６９−１,https://www.google.com/search?q=ツインレイクスカントリー倶楽部,36.2087096,139.0334305
GC1228,富岡倶楽部,370-2307 群馬県富岡市藤木６２１−１,https://www.google.com/search?q=富岡倶楽部,36.305128,138.91358
GC1229,21センチュリークラブ富岡ゴルフコース,370-2321 群馬県富岡市岡本１,https://www.google.com/search?q=21センチュリークラブ富岡ゴルフコース,36.2293686,138.8919826
GC1230,ノーザンカントリークラブ赤城ゴルフ場,379-1111 群馬県渋川市赤城町北赤城山１５−６４,https://www.google.com/search?q=ノーザンカントリークラブ赤城ゴルフ場,36.5717025,139.1000281
GC1231,ノーザンカントリークラブ上毛ゴルフ場,377-0702 群馬県吾妻郡高山村中山６８６０−１,https://www.google.com/search?q=ノーザンカントリークラブ上毛ゴルフ場,36.5956117,138.9648704
GC1232,PGM富岡カントリークラブ サウスコース,370-2312 群馬県富岡市星田８１４−１,https://www.google.com/search?q=PGM富岡カントリークラブ サウスコース,36.2736641,138.9187899
GC1233,PGM富岡カントリークラブ ノースコース,370-2302 群馬県富岡市小桑原４３２,https://www.google.com/search?q=PGM富岡カントリークラブ ノースコース,36.289724,138.9382807
GC1234,藤岡ゴルフクラブ,375-0055 群馬県藤岡市白石２９２５,https://www.google.com/search?q=藤岡ゴルフクラブ,36.2393749,139.0249413
GC1235,プリンスランドゴルフクラブ,377-1612 群馬県吾妻郡嬬恋村大前細原２２７７,https://www.google.com/search?q=プリンスランドゴルフクラブ,36.474872,138.5450248
GC1236,緑野カントリークラブ,375-0046 群馬県藤岡市下日野乙239,https://www.google.com/search?q=緑野カントリークラブ,36.218672,139.007275
GC1237,美野原カントリークラブ,377-0432 群馬県吾妻郡中之条町五反田３４８３−１,https://www.google.com/search?q=美野原カントリークラブ,36.628386,138.829173
GC1238,妙義カントリークラブ,379-0208 群馬県富岡市妙義町菅原２６７８,https://www.google.com/search?q=妙義カントリークラブ,36.2791588,138.7911781
GC1239,石坂ゴルフ倶楽部,350-0311 埼玉県比企郡鳩山町石坂２４１−２４,https://www.google.com/search?q=石坂ゴルフ倶楽部,35.99539499999999,139.365826
GC1240,入間カントリー倶楽部,350-0413 埼玉県入間郡越生町如意１１５９−１,https://www.google.com/search?q=入間カントリー倶楽部,35.969597,139.315163
GC1241,浦和ゴルフ倶楽部,338-0834 埼玉県さいたま市桜区新開３丁目１３−１ 浦和ＧＣ,https://www.google.com/search?q=浦和ゴルフ倶楽部,35.8462544,139.6162309
GC1242,大宮カントリークラブ,331-0068 埼玉県さいたま市西区飯田新田４０,https://www.google.com/search?q=大宮カントリークラブ,35.8903123,139.5590679
GC1243,大宮国際カントリークラブ,331-0074 埼玉県さいたま市西区宝来９１０,https://www.google.com/search?q=大宮国際カントリークラブ,35.9217614,139.5548432
GC1244,大宮ゴルフコース,362-0067 埼玉県上尾市中分６丁目４０,https://www.google.com/search?q=大宮ゴルフコース,35.9830212,139.5563271
GC1245,岡部チサンカントリークラブ,369-0216 埼玉県深谷市山崎６００,https://www.google.com/search?q=岡部チサンカントリークラブ,36.1902869,139.2149128
GC1246,小川カントリークラブ,355-0321 埼玉県比企郡小川町小川１６１９,https://www.google.com/search?q=小川カントリークラブ,36.0609733,139.2784345
GC1247,越生ゴルフクラブ,355-0354 埼玉県比企郡ときがわ町番匠６１,https://www.google.com/search?q=越生ゴルフクラブ,35.9972877,139.2933502
GC1248,オリムピックナショナルゴルフクラブ EAST＆WEST,350-0455 埼玉県入間郡毛呂山町阿諏訪１５４,https://www.google.com/search?q=オリムピックナショナルゴルフクラブ EAST＆WEST,35.927772,139.296764
GC1249,川越カントリークラブ,355-0008 埼玉県東松山市大谷４１８９,https://www.google.com/search?q=川越カントリークラブ,36.0892621,139.3884627
GC1250,北武蔵カントリークラブ,367-0223 埼玉県本庄市児玉町塩谷１０００,https://www.google.com/search?q=北武蔵カントリークラブ,36.1790958,139.1070598
GC1251,熊谷ゴルフクラブ,360-0816 埼玉県熊谷市石原１４３１,https://www.google.com/search?q=熊谷ゴルフクラブ,36.1463623,139.3580322
GC1252,鴻巣カントリークラブ,365-0004 埼玉県鴻巣市関新田２１２３,https://www.google.com/search?q=鴻巣カントリークラブ,36.0893168,139.5267936
GC1253,KOSHIGAYA GOLF CLUB,342-0013 埼玉県吉川市吉屋５２５,https://www.google.com/search?q=KOSHIGAYA GOLF CLUB,35.889452,139.886051
GC1254,こだま神川カントリークラブ,367-0301 埼玉県児玉郡神川町渡瀬１４９２−１,https://www.google.com/search?q=こだま神川カントリークラブ,36.171698,139.071752
GC1255,児玉カントリー倶楽部,367-0213 埼玉県本庄市児玉町秋山３０１２,https://www.google.com/search?q=児玉カントリー倶楽部,36.1652683,139.1321741
GC1256,高麗川カントリークラブ,350-1242 埼玉県日高市北平沢１４８５,https://www.google.com/search?q=高麗川カントリークラブ,35.9132756,139.3166933
GC1257,埼玉国際ゴルフ倶楽部,367-0311 埼玉県児玉郡神川町下阿久原１６０３−１,https://www.google.com/search?q=埼玉国際ゴルフ倶楽部,36.1424898,139.0593316
GC1258,さいたまゴルフクラブ,350-0445 埼玉県入間郡毛呂山町葛貫１２００,https://www.google.com/search?q=さいたまゴルフクラブ,35.9180324,139.3102124
GC1259,さいたま梨花カントリークラブ,355-0364 埼玉県比企郡ときがわ町西平２０４２,https://www.google.com/search?q=さいたま梨花カントリークラブ,35.991562,139.2455851
GC1260,彩の森カントリークラブ・ホテル秩父,368-0064 埼玉県秩父市伊古田１６４１ 秩父市品沢坊ケ入,https://www.google.com/search?q=彩の森カントリークラブ・ホテル秩父,36.0293819,139.05334
GC1261,狭山ゴルフ・クラブ,358-0041 埼玉県入間市下谷ケ貫４９２,https://www.google.com/search?q=狭山ゴルフ・クラブ,35.8051022,139.3490561
GC1262,ザ ナショナルカントリー倶楽部 埼玉,368-0061 埼玉県秩父市小柱６８５,https://www.google.com/search?q=ザ ナショナルカントリー倶楽部 埼玉,36.053342,139.082954
GC1263,森林公園ゴルフ倶楽部,369-1215 埼玉県大里郡寄居町牟礼１１３２,https://www.google.com/search?q=森林公園ゴルフ倶楽部,36.0864411,139.2574541
GC1264,ＪＧＭおごせゴルフクラブ,350-0405 埼玉県入間郡越生町津久根８３０,https://www.google.com/search?q=ＪＧＭおごせゴルフクラブ,35.9687047,139.2844968
GC1265,高坂カントリークラブ,355-0047 埼玉県東松山市高坂１９１６−１,https://www.google.com/search?q=高坂カントリークラブ,36.0081341,139.3804679
GC1266,高根カントリー倶楽部,355-0803 埼玉県比企郡滑川町福田４０４５,https://www.google.com/search?q=高根カントリー倶楽部,36.0940629,139.3433654
GC1267,玉川カントリークラブ,355-0342 埼玉県比企郡ときがわ町玉川３９６６−３,https://www.google.com/search?q=玉川カントリークラブ,36.017601,139.2893981
GC1268,秩父国際カントリークラブ,369-1411 埼玉県秩父郡皆野町三沢４６３３−１,https://www.google.com/search?q=秩父国際カントリークラブ,36.064041,139.131511
GC1269,東都埼玉カントリー倶楽部,368-0102 埼玉県秩父郡小鹿野町長留１８６０,https://www.google.com/search?q=東都埼玉カントリー倶楽部,35.9870301,139.022406
GC1270,東都秩父カントリー倶楽部,368-0062 埼玉県秩父市蒔田１５１４−３,https://www.google.com/search?q=東都秩父カントリー倶楽部,36.0394216,139.0752334
GC1271,東都飯能カントリー倶楽部,357-0126 埼玉県飯能市下赤工７８５,https://www.google.com/search?q=東都飯能カントリー倶楽部,35.858327,139.252778
GC1272,長瀞カントリークラブ,369-1236 埼玉県大里郡寄居町金尾４２８,https://www.google.com/search?q=長瀞カントリークラブ,36.1198909,139.1425092
GC1273,日本カントリークラブ,350-0403 埼玉県入間郡越生町大谷１３８,https://www.google.com/search?q=日本カントリークラブ,36.204824,138.252924
GC1274,ノーザンカントリークラブ錦ヶ原ゴルフ場,331-0060 埼玉県さいたま市西区塚本町２丁目２２−１ ノーザンＣＣ錦ヶ原Ｇ,https://www.google.com/search?q=ノーザンカントリークラブ錦ヶ原ゴルフ場,35.875923,139.5685635
GC1275,鳩山カントリークラブ,350-0302 埼玉県比企郡鳩山町大橋１１８６−２,https://www.google.com/search?q=鳩山カントリークラブ,35.9934234,139.3460845
GC1276,飯能くすの樹カントリー倶楽部,357-0066 埼玉県飯能市小岩井３５０,https://www.google.com/search?q=飯能くすの樹カントリー倶楽部,35.8584959,139.2768331
GC1277,飯能グリーンカントリークラブ,357-0068 埼玉県飯能市久須美２９２,https://www.google.com/search?q=飯能グリーンカントリークラブ,35.8721032,139.2712235
GC1278,飯能ゴルフクラブ,357-0013 埼玉県飯能市芦苅場４９５,https://www.google.com/search?q=飯能ゴルフクラブ,35.861867,139.358878
GC1279,飯能パークカントリークラブ,357-0054 埼玉県飯能市下直竹４１５−１,https://www.google.com/search?q=飯能パークカントリークラブ,35.8400862,139.2590257
GC1280,東松山カントリークラブ,355-0008 埼玉県東松山市大谷１１１１,https://www.google.com/search?q=東松山カントリークラブ,36.069429,139.38267
GC1281,日高カントリークラブ,350-1213 埼玉県日高市高萩１２０３,https://www.google.com/search?q=日高カントリークラブ,35.8967086,139.3790755
GC1282,PGM武蔵ゴルフクラブ,350-0323 埼玉県比企郡鳩山町小用１０２６,https://www.google.com/search?q=PGM武蔵ゴルフクラブ,35.967118,139.3205376
GC1283,富貴ゴルフ倶楽部,355-0136 埼玉県比企郡吉見町江綱８１７−５,https://www.google.com/search?q=富貴ゴルフ倶楽部,36.0176173,139.4494529
GC1284,美里ゴルフ倶楽部,367-0115 埼玉県児玉郡美里町猪俣３４９９,https://www.google.com/search?q=美里ゴルフ倶楽部,36.14928039999999,139.1763161
GC1285,ミッションヒルズカントリークラブ,369-1622 埼玉県秩父郡皆野町国神字妙ヶ平１６８６,https://www.google.com/search?q=ミッションヒルズカントリークラブ,36.0886987,139.0901436
GC1286,武蔵カントリークラブ,358-0026 埼玉県入間市小谷田９６１,https://www.google.com/search?q=武蔵カントリークラブ,35.8185549,139.3769957
GC1287,武蔵の杜カントリークラブ,350-0407 埼玉県入間郡越生町上谷１０２８,https://www.google.com/search?q=武蔵の杜カントリークラブ,35.9782875,139.2709058
GC1288,武蔵松山カントリークラブ,355-0066 埼玉県東松山市神戸2275−１,https://www.google.com/search?q=武蔵松山カントリークラブ,36.0155411,139.3437202
GC1289,ユニオンエースゴルフクラブ,369-1596 埼玉県秩父市下吉田８３７１−３,https://www.google.com/search?q=ユニオンエースゴルフクラブ,36.0286317,139.0268757
GC1290,寄居カントリークラブ,369-1215 埼玉県大里郡寄居町牟礼１２８６,https://www.google.com/search?q=寄居カントリークラブ,36.091701,139.2457994
GC1291,嵐山カントリークラブ,355-0225 埼玉県比企郡嵐山町鎌形１１４６,https://www.google.com/search?q=嵐山カントリークラブ,36.0200004,139.3220062
GC1292,リバーサイドフェニックスゴルフクラブ,362-0059 埼玉県上尾市平方２６０６−１,https://www.google.com/search?q=リバーサイドフェニックスゴルフクラブ,35.9463835,139.5460962
GC1293,アクアラインゴルフクラブ,292-0201 千葉県木更津市真里谷４３４５−３,https://www.google.com/search?q=アクアラインゴルフクラブ,35.3749523,140.0880362
GC1294,麻倉ゴルフ倶楽部,285-0077 千葉県佐倉市内田６７０,https://www.google.com/search?q=麻倉ゴルフ倶楽部,,
GC1295,姉ヶ崎カントリー倶楽部,299-0121 千葉県市原市立野１６５−１,https://www.google.com/search?q=姉ヶ崎カントリー倶楽部,35.4377959,140.0810302
GC1296,アバイディングクラブゴルフソサエティ,297-0155 千葉県長生郡長南町竹林10,https://www.google.com/search?q=アバイディングクラブゴルフソサエティ,35.3804484,140.2195661
GC1297,我孫子ゴルフ倶楽部,270-1137 千葉県我孫子市岡発戸１１１０,https://www.google.com/search?q=我孫子ゴルフ倶楽部,35.8675605,140.051136
GC1298,一の宮カントリー倶楽部,299-4303 千葉県長生郡一宮町東浪見３１６６,https://www.google.com/search?q=一の宮カントリー倶楽部,35.3435824,140.3659502
GC1299,富士市原ゴルフクラブ,290-0528 千葉県市原市古敷谷 権現代１６８５,https://www.google.com/search?q=富士市原ゴルフクラブ,35.320296,140.163154
GC1300,イーグルレイクゴルフクラブ,289-1615 千葉県山武郡芝山町境 字五丈201,https://www.google.com/search?q=イーグルレイクゴルフクラブ,35.7126987,140.4427138
GC1301,大多喜カントリークラブ,298-0202 千葉県夷隅郡大多喜町下大多喜２４１９,https://www.google.com/search?q=大多喜カントリークラブ,35.3083026,140.26611
GC1302,大多喜城ゴルフ倶楽部,298-0223 千葉県夷隅郡大多喜町上原１０９０,https://www.google.com/search?q=大多喜城ゴルフ倶楽部,35.2674604,140.2384292
GC1303,小見川東急ゴルフクラブ,289-0301 千葉県香取市一ノ分目４９６−１ 字神明４９６－１,https://www.google.com/search?q=小見川東急ゴルフクラブ,35.8769455,140.5714054
GC1304,オーク・ヒルズカントリークラブ,287-0104 千葉県香取市苅毛８９３,https://www.google.com/search?q=オーク・ヒルズカントリークラブ,35.8069606,140.4873861
GC1305,かずさカントリークラブ,290-0528 千葉県市原市古敷谷９７５,https://www.google.com/search?q=かずさカントリークラブ,35.3233056,140.179882
GC1306,上総富士ゴルフクラブ,292-0511 千葉県君津市大坂１６３９ 富士山 1639,https://www.google.com/search?q=上総富士ゴルフクラブ,35.2617806,140.0360556
GC1307,上総モナークカントリークラブ,292-0515 千葉県君津市柳城８５６−２,https://www.google.com/search?q=上総モナークカントリークラブ,35.25564190000001,140.0823322
GC1308,勝浦東急ゴルフコース,299-5241 千葉県勝浦市松部３６１,https://www.google.com/search?q=勝浦東急ゴルフコース,35.154369,140.2770269
GC1309,香取カントリークラブ,289-0348 千葉県香取市織幡１１７７,https://www.google.com/search?q=香取カントリークラブ,35.8607121,140.5459392
GC1310,鹿野山ゴルフ倶楽部,292-1155 千葉県君津市鹿野山２８８,https://www.google.com/search?q=鹿野山ゴルフ倶楽部,35.2528672,139.9680465
GC1311,鎌ヶ谷カントリークラブ,273-0118 千葉県鎌ケ谷市中沢１３４８,https://www.google.com/search?q=鎌ヶ谷カントリークラブ,35.7695321,139.9827534
GC1312,カメリアヒルズカントリークラブ,299-0221 千葉県袖ケ浦市大竹２６５,https://www.google.com/search?q=カメリアヒルズカントリークラブ,35.3602142,140.0226898
GC1313,加茂ゴルフ倶楽部,290-0527 千葉県市原市月出８１,https://www.google.com/search?q=加茂ゴルフ倶楽部,35.2997753,140.1771748
GC1314,カレドニアン・ゴルフクラブ,289-1756 千葉県山武郡横芝光町長倉１６５８,https://www.google.com/search?q=カレドニアン・ゴルフクラブ,35.6754173,140.4442161
GC1315,木更津ゴルフクラブ,299-0223 千葉県袖ケ浦市下宮田２１６,https://www.google.com/search?q=木更津ゴルフクラブ,35.350767,140.006829
GC1316,木更津東カントリークラブ,292-0524 千葉県君津市川俣旧川俣３４６−２,https://www.google.com/search?q=木更津東カントリークラブ,35.2160784,140.0817602
GC1317,君津香木原カントリークラブ,292-0527 千葉県君津市香木原２８８,https://www.google.com/search?q=君津香木原カントリークラブ,35.1725578,140.0563945
GC1318,季美の森ゴルフ倶楽部,299-3241 千葉県大網白里市季美の森南２丁目４９,https://www.google.com/search?q=季美の森ゴルフ倶楽部,35.5583083,140.2956095
GC1319,キャスコ花葉クラブ,289-0107 千葉県成田市猿山１２６１−１,https://www.google.com/search?q=キャスコ花葉クラブ,35.8687786,140.352965
GC1320,京カントリークラブ,289-1606 千葉県山武郡芝山町山田１２８１,https://www.google.com/search?q=京カントリークラブ,35.723244,140.412202
GC1321,キングフィールズゴルフクラブ,290-0212 千葉県市原市新巻３７７,https://www.google.com/search?q=キングフィールズゴルフクラブ,35.4405297,140.1809493
GC1322,クリアビューゴルフクラブ＆ホテル,278-0012 千葉県野田市瀬戸５４８,https://www.google.com/search?q=クリアビューゴルフクラブ＆ホテル,35.9392179,139.9351024
GC1323,グリッサンドゴルフクラブ,286-0101 千葉県成田市十余三３０,https://www.google.com/search?q=グリッサンドゴルフクラブ,35.7998161,140.3581848
GC1324,グレンオークスカントリークラブ,287-0105 千葉県香取市沢４４２,https://www.google.com/search?q=グレンオークスカントリークラブ,35.7933333,140.4766613
GC1325,京葉カントリー倶楽部,265-0066 千葉県千葉市若葉区多部田町８０２,https://www.google.com/search?q=京葉カントリー倶楽部,35.5933151,140.1949462
GC1326,コスモクラシッククラブ,299-2202 千葉県南房総市平塚乙２−４０４,https://www.google.com/search?q=コスモクラシッククラブ,35.1102778,139.9502778
GC1327,ゴルフ倶楽部成田ハイツリー,289-2303 千葉県香取郡多古町大門６５９,https://www.google.com/search?q=ゴルフ倶楽部成田ハイツリー,35.7782242,140.4711761
GC1328,ゴルフ５カントリーオークビレッヂ,290-0531 千葉県市原市国本７６７,https://www.google.com/search?q=ゴルフ５カントリーオークビレッヂ,35.2890282,140.1734924
GC1329,ゴールデンクロスカントリークラブ,297-0144 千葉県長生郡長南町市野々５７５,https://www.google.com/search?q=ゴールデンクロスカントリークラブ,35.3189847,140.2286981
GC1330,ゴールド木更津カントリークラブ,292-1151 千葉県君津市大野台７６５−２,https://www.google.com/search?q=ゴールド木更津カントリークラブ,35.2666382,140.0122686
GC1331,佐倉カントリー倶楽部,285-0032 千葉県佐倉市飯田１０００,https://www.google.com/search?q=佐倉カントリー倶楽部,35.7288284,140.239036
GC1332,佐原カントリークラブ,287-0014 千葉県香取市多田８９,https://www.google.com/search?q=佐原カントリークラブ,35.8726592,140.5522125
GC1333,ザ ナショナルカントリー倶楽部 千葉,290-0236 千葉県市原市寺谷６６６,https://www.google.com/search?q=ザ ナショナルカントリー倶楽部 千葉,35.4033623,140.1048956
GC1334,ザ・カントリークラブ・ジャパン,529-1803 滋賀県甲賀市信楽町牧１７８２−２,https://www.google.com/search?q=ザ・カントリークラブ・ジャパン,34.9003607,136.0443399
GC1335,芝山ゴルフ倶楽部,289-1605 千葉県山武郡芝山町大台２１７６,https://www.google.com/search?q=芝山ゴルフ倶楽部,35.7060014,140.4170118
GC1336,新千葉カントリー倶楽部,283-0001 千葉県東金市家之子２１７７,https://www.google.com/search?q=新千葉カントリー倶楽部,35.5991581,140.3649131
GC1337,ジャパンＰＧＡゴルフクラブ,292-1167 千葉県君津市平田２２３,https://www.google.com/search?q=ジャパンＰＧＡゴルフクラブ,35.245,139.9884
GC1338,スカイウェイカントリークラブ,286-0814 千葉県成田市幡谷９４１−１,https://www.google.com/search?q=スカイウェイカントリークラブ,35.8330767,140.3535783
GC1339,PGM総成ゴルフクラブ,286-0827 千葉県成田市西和泉７２９,https://www.google.com/search?q=PGM総成ゴルフクラブ,35.8110436,140.3447725
GC1340,総武カントリークラブ,270-1337 千葉県印西市草深３０２,https://www.google.com/search?q=総武カントリークラブ,35.7863024,140.1552083
GC1341,袖ヶ浦カンツリークラブ,266-0007 千葉県千葉市緑区辺田町５６７,https://www.google.com/search?q=袖ヶ浦カンツリークラブ,35.5639107,140.1848344
GC1342,大栄カントリー倶楽部,287-0214 千葉県成田市横山６３８,https://www.google.com/search?q=大栄カントリー倶楽部,35.820541,140.4382813
GC1343,鷹之台カンツリー倶楽部,262-0001 千葉県千葉市花見川区横戸町１５０１,https://www.google.com/search?q=鷹之台カンツリー倶楽部,35.7087059,140.1095581
GC1344,立野クラシックゴルフ倶楽部,290-0242 千葉県市原市中高根１１６６,https://www.google.com/search?q=立野クラシックゴルフ倶楽部,35.443181,140.095364
GC1345,館山カントリークラブ,294-0311 千葉県館山市坂井772ｰ54,https://www.google.com/search?q=館山カントリークラブ,34.95204349999999,139.810399
GC1346,大千葉カントリー倶楽部,290-0524 千葉県市原市平蔵３３１０,https://www.google.com/search?q=大千葉カントリー倶楽部,35.361602,140.199159
GC1347,千葉夷隅ゴルフクラブ,298-0261 千葉県夷隅郡大多喜町板谷５８８,https://www.google.com/search?q=千葉夷隅ゴルフクラブ,35.2511759,140.1845964
GC1348,千葉カントリークラブ,278-0021 千葉県野田市堤根167,https://www.google.com/search?q=千葉カントリークラブ,,
GC1349,千葉国際カントリークラブ,297-0231 千葉県長生郡長柄町山之郷７５４−３２,https://www.google.com/search?q=千葉国際カントリークラブ,35.4832872,140.2100694
GC1350,千葉桜の里ゴルフクラブ,289-0406 千葉県香取市田部１４３４,https://www.google.com/search?q=千葉桜の里ゴルフクラブ,35.81688,140.576736
GC1351,千葉新日本ゴルフ倶楽部,290-0212 千葉県市原市新巻８５０,https://www.google.com/search?q=千葉新日本ゴルフ倶楽部,35.422373,140.163873
GC1352,千葉バーディクラブ,289-1135 千葉県八街市小谷流５９１,https://www.google.com/search?q=千葉バーディクラブ,35.6187486,140.2744407
GC1353,千葉松尾ゴルフクラブ,289-1512 千葉県山武市松尾町八田１５６３,https://www.google.com/search?q=千葉松尾ゴルフクラブ,35.657196,140.450108
GC1354,長太郎カントリークラブ,287-0205 千葉県成田市奈土１４１３−１,https://www.google.com/search?q=長太郎カントリークラブ,35.865764,140.418637
GC1355,長南カントリークラブ,297-0104 千葉県長生郡長南町又富８０４,https://www.google.com/search?q=長南カントリークラブ,35.3998892,140.2143843
GC1356,鶴舞カントリー倶楽部,290-0515 千葉県市原市田尾１２９３−２,https://www.google.com/search?q=鶴舞カントリー倶楽部,35.370378,140.175092
GC1357,東京湾カントリークラブ,299-0243 千葉県袖ケ浦市蔵波１１４７ 駐車場,https://www.google.com/search?q=東京湾カントリークラブ,35.4382714,140.0097592
GC1358,東京国際空港ゴルフ倶楽部,289-2244 千葉県香取郡多古町船越２５９９,https://www.google.com/search?q=東京国際空港ゴルフ倶楽部,35.7144132,140.4491165
GC1359,東庄ゴルフ倶楽部,289-0636 千葉県香取郡東庄町東和田３２９,https://www.google.com/search?q=東庄ゴルフ倶楽部,35.7951478,140.6387556
GC1360,トーヨーカントリークラブ,297-0144 千葉県長生郡長南町市野々６８５,https://www.google.com/search?q=トーヨーカントリークラブ,35.32376199999999,140.2355902
GC1361,中山カントリークラブ,276-0007 千葉県八千代市桑橋１２９９,https://www.google.com/search?q=中山カントリークラブ,35.75618740000001,140.0843811
GC1362,習志野カントリークラブ,270-1327 千葉県印西市大森７,https://www.google.com/search?q=習志野カントリークラブ,35.8130107,140.1437473
GC1363,成田ゴルフ倶楽部,286-0821 千葉県成田市大室１２７,https://www.google.com/search?q=成田ゴルフ倶楽部,35.83019609999999,140.3761182
GC1364,成田の森カントリークラブ,289-0426 千葉県香取市山倉２６２８−４,https://www.google.com/search?q=成田の森カントリークラブ,35.7916556,140.5247851
GC1365,成田東カントリークラブ,289-0426 千葉県香取市山倉１３６７,https://www.google.com/search?q=成田東カントリークラブ,35.7920082,140.517919
GC1366,成田ヒルズカントリークラブ,270-1506 千葉県印旛郡栄町龍角寺１２３６−３,https://www.google.com/search?q=成田ヒルズカントリークラブ,35.8339378,140.2766322
GC1367,南総カントリークラブ,290-0243 千葉県市原市上高根１６８３−１,https://www.google.com/search?q=南総カントリークラブ,35.4149362,140.0938314
GC1368,南総ヒルズカントリークラブ,299-1731 千葉県富津市田倉８６５−１,https://www.google.com/search?q=南総ヒルズカントリークラブ,35.23144,139.942334
GC1369,ニュー南総ゴルフ倶楽部,290-0243 千葉県市原市上高根１６１６−１,https://www.google.com/search?q=ニュー南総ゴルフ倶楽部,35.4246536,140.0950449
GC1370,白鳳カントリークラブ,286-0811 千葉県成田市磯部８,https://www.google.com/search?q=白鳳カントリークラブ,35.8407746,140.3295581
GC1371,花生カントリークラブ,298-0254 千葉県夷隅郡大多喜町平沢字鍵坂１５２３−１８,https://www.google.com/search?q=花生カントリークラブ,35.1926215,140.2256835
GC1372,浜野ゴルフクラブ,290-0168 千葉県市原市永吉 永吉９３７,https://www.google.com/search?q=浜野ゴルフクラブ,35.5060882,140.203186
GC1373,東我孫子カントリークラブ,270-1173 千葉県我孫子市青山８９５,https://www.google.com/search?q=東我孫子カントリークラブ,35.8872435,140.0564397
GC1374,東千葉カントリークラブ,283-0825 千葉県東金市滝５０３,https://www.google.com/search?q=東千葉カントリークラブ,35.581254,140.331542
GC1375,平川カントリークラブ,266-0004 千葉県千葉市緑区平川町４０５,https://www.google.com/search?q=平川カントリークラブ,35.5530856,140.2532833
GC1376,PGMマリアゴルフリンクス,292-0201 千葉県木更津市真里谷２９３５−７,https://www.google.com/search?q=PGMマリアゴルフリンクス,35.3520236,140.0885431
GC1377,藤ヶ谷カントリークラブ,270-1456 千葉県柏市泉２３４８,https://www.google.com/search?q=藤ヶ谷カントリークラブ,35.8291336,140.0283408
GC1378,船橋カントリー倶楽部,270-1415 千葉県白井市清戸７０３,https://www.google.com/search?q=船橋カントリー倶楽部,35.7998117,140.0939873
GC1379,鳳琳カントリー倶楽部,290-0526 千葉県市原市小草畑２４４,https://www.google.com/search?q=鳳琳カントリー倶楽部,35.3094017,140.1937179
GC1380,本千葉カントリークラブ,266-0014 千葉県千葉市緑区大金沢町３１１,https://www.google.com/search?q=本千葉カントリークラブ,35.5381317,140.1758728
GC1381,房州カントリークラブ,294-0224 千葉県館山市藤原１１２８,https://www.google.com/search?q=房州カントリークラブ,34.9494444,139.8430556
GC1382,房総カントリークラブ,299-4424 千葉県長生郡睦沢町妙楽寺 字直沢２３００,https://www.google.com/search?q=房総カントリークラブ,35.3205517,140.2668694
GC1383,真名カントリークラブ,297-0077 千葉県茂原市真名１７４４,https://www.google.com/search?q=真名カントリークラブ,35.47089880000001,140.2567234
GC1384,紫カントリークラブ あやめコース,278-0003 千葉県野田市鶴奉４６３−１,https://www.google.com/search?q=紫カントリークラブ あやめコース,35.9541663,139.8941886
GC1385,森永高滝カントリー倶楽部,290-0528 千葉県市原市古敷谷１９１９,https://www.google.com/search?q=森永高滝カントリー倶楽部,35.3259436,140.1612161
GC1386,四街道ゴルフ倶楽部,284-0042 千葉県四街道市小名木２６８ 四街道ゴルフクラブ,https://www.google.com/search?q=四街道ゴルフ倶楽部,35.6513788,140.1801197
GC1387,米原ゴルフ倶楽部,290-0525 千葉県市原市米原１６３９−１,https://www.google.com/search?q=米原ゴルフ倶楽部,35.3179739,140.2118771
GC1388,ロイヤルスターゴルフクラブ,292-0502 千葉県君津市平山３２−１,https://www.google.com/search?q=ロイヤルスターゴルフクラブ,35.2689323,140.0792541
GC1389,ロッテ皆吉台カントリー倶楽部,290-0232 千葉県市原市皆吉１６２７−１,https://www.google.com/search?q=ロッテ皆吉台カントリー倶楽部,35.3840591,140.1227167
GC1390,赤羽ゴルフ倶楽部,115-0051 東京都北区浮間２丁目１８−７ 赤羽ＧＣ,https://www.google.com/search?q=赤羽ゴルフ倶楽部,35.7952788,139.6957215
GC1391,青梅ゴルフ倶楽部,198-0004 東京都青梅市根ヶ布１丁目４９０,https://www.google.com/search?q=青梅ゴルフ倶楽部,35.8023295,139.2730158
GC1392,小金井カントリー倶楽部,187-0012 東京都小平市御幸町７−３３１,https://www.google.com/search?q=小金井カントリー倶楽部,35.715908,139.5075073
GC1393,桜ヶ丘カントリークラブ,206-0021 東京都多摩市連光寺２９８５,https://www.google.com/search?q=桜ヶ丘カントリークラブ,35.6422557,139.4655894
GC1394,ＧＭＧ八王子ゴルフ場,193-0801 東京都八王子市川口町３５１５,https://www.google.com/search?q=ＧＭＧ八王子ゴルフ場,35.7071964,139.2728761
GC1395,立川国際カントリー倶楽部,197-0802 東京都あきる野市草花２３９０ 立川国際ＣＣ,https://www.google.com/search?q=立川国際カントリー倶楽部,35.7506486,139.3047472
GC1396,多摩カントリークラブ,206-0822 東京都稲城市坂浜３３６０,https://www.google.com/search?q=多摩カントリークラブ,35.6332579,139.4801544
GC1397,東京五日市カントリー倶楽部,190-0155 東京都あきる野市網代７４５ 東京五日市ＣＣ,https://www.google.com/search?q=東京五日市カントリー倶楽部,35.7159117,139.2514825
GC1398,東京国際ゴルフ倶楽部,194-0202 東京都町田市下小山田町１６６８,https://www.google.com/search?q=東京国際ゴルフ倶楽部,35.6114435,139.4171024
GC1399,東京相武カントリークラブ,193-0935 東京都八王子市大船町６２０,https://www.google.com/search?q=東京相武カントリークラブ,35.614261,139.3139529
GC1400,東京バーディクラブ,198-0003 東京都青梅市小曾木５丁目２９４３,https://www.google.com/search?q=東京バーディクラブ,35.8293395,139.277958
GC1401,東京よみうりカントリークラブ,206-0822 東京都稲城市坂浜６８５,https://www.google.com/search?q=東京よみうりカントリークラブ,35.6210133,139.4913025
GC1402,八王子カントリークラブ,193-0801 東京都八王子市川口町２３５２,https://www.google.com/search?q=八王子カントリークラブ,35.6996077,139.292362
GC1403,府中カントリークラブ,206-0036 東京都多摩市中沢１丁目４１−１,https://www.google.com/search?q=府中カントリークラブ,35.6202541,139.4054076
GC1404,武蔵野ゴルフクラブ,192-0005 東京都八王子市宮下町６５６,https://www.google.com/search?q=武蔵野ゴルフクラブ,35.6999594,139.3051804
GC1405,よみうりゴルフ倶楽部,206-0812 東京都稲城市矢野口３３７６−１ よみうりＧＣ,https://www.google.com/search?q=よみうりゴルフ倶楽部,35.6240683,139.510648
GC1406,厚木国際カントリー倶楽部,243-0203 神奈川県厚木市下荻野１９２０,https://www.google.com/search?q=厚木国際カントリー倶楽部,35.4736059,139.3248178
GC1407,伊勢原カントリークラブ,259-1102 神奈川県伊勢原市子易１３２,https://www.google.com/search?q=伊勢原カントリークラブ,35.41284,139.273279
GC1408,磯子カンツリークラブ,235-0045 神奈川県横浜市磯子区洋光台６丁目４３−２４,https://www.google.com/search?q=磯子カンツリークラブ,35.3729306,139.6033697
GC1409,大秦野カントリークラブ,259-1307 神奈川県秦野市横野５００,https://www.google.com/search?q=大秦野カントリークラブ,35.4091451,139.1792213
GC1410,小田原ゴルフ倶楽部 松田コース,258-0001 神奈川県足柄上郡松田町寄３２１,https://www.google.com/search?q=小田原ゴルフ倶楽部 松田コース,35.3793542,139.1444106
GC1411,小田原城カントリー倶楽部,250-0024 神奈川県小田原市根府川６６７,https://www.google.com/search?q=小田原城カントリー倶楽部,35.1927719,139.1005706
GC1412,小田原湯本カントリークラブ,250-0311 神奈川県足柄下郡箱根町湯本３９０−３７,https://www.google.com/search?q=小田原湯本カントリークラブ,35.2262077,139.1038208
GC1413,オリムピックナショナルゴルフクラブ サカワコース,258-0115 神奈川県足柄上郡山北町谷ケ１０９６−１,https://www.google.com/search?q=オリムピックナショナルゴルフクラブ サカワコース,35.3510475,139.0189514
GC1414,神奈川カントリークラブ,252-0186 神奈川県相模原市緑区牧野６９７７−１,https://www.google.com/search?q=神奈川カントリークラブ,35.5859565,139.1423645
GC1415,鎌倉カントリークラブ,247-0052 神奈川県鎌倉市今泉５丁目１０２６,https://www.google.com/search?q=鎌倉カントリークラブ,35.337415,139.5733589
GC1416,清川カントリークラブ,243-0112 神奈川県愛甲郡清川村煤ヶ谷６５７,https://www.google.com/search?q=清川カントリークラブ,35.4636111,139.2886111
GC1417,相模湖カントリークラブ,252-0186 神奈川県相模原市緑区牧野１４３４２,https://www.google.com/search?q=相模湖カントリークラブ,35.5739706,139.1577769
GC1418,相模野カントリー倶楽部,252-0114 神奈川県相模原市緑区葉山島１０１０−１ 相模野ＣＣ,https://www.google.com/search?q=相模野カントリー倶楽部,35.5588722,139.3026123
GC1419,相模原ゴルフクラブ,252-0331 神奈川県相模原市南区大野台４丁目３０−１ 相模原ＧＣ,https://www.google.com/search?q=相模原ゴルフクラブ,35.5476805,139.400405
GC1420,湘南シーサイドカントリー倶楽部,253-0073 神奈川県茅ヶ崎市中島１５６７,https://www.google.com/search?q=湘南シーサイドカントリー倶楽部,35.324534,139.374669
GC1421,大厚木カントリークラブ,243-0201 神奈川県厚木市上荻野４０８８,https://www.google.com/search?q=大厚木カントリークラブ,35.4991465,139.298873
GC1422,チェックメイトカントリークラブ,258-0003 神奈川県足柄上郡松田町松田惣領３０３３−１,https://www.google.com/search?q=チェックメイトカントリークラブ,35.3619308,139.1393737
GC1423,津久井湖ゴルフ倶楽部,252-0159 神奈川県相模原市緑区三ケ木４９２,https://www.google.com/search?q=津久井湖ゴルフ倶楽部,35.5853347,139.2364196
GC1424,東京カントリー倶楽部,257-0023 神奈川県秦野市寺山１４５０,https://www.google.com/search?q=東京カントリー倶楽部,35.4008059,139.2436104
GC1425,東京ロイヤルゴルフ倶楽部,243-0308 神奈川県愛甲郡愛川町三増１７６４−４,https://www.google.com/search?q=東京ロイヤルゴルフ倶楽部,35.5456603,139.3067074
GC1426,東名厚木カントリー倶楽部,243-0308 神奈川県愛甲郡愛川町三増２６０７,https://www.google.com/search?q=東名厚木カントリー倶楽部,,
GC1427,戸塚カントリー倶楽部,241-0834 神奈川県横浜市旭区大池町２６,https://www.google.com/search?q=戸塚カントリー倶楽部,35.4436613,139.5377083
GC1428,中津川カントリークラブ,243-0202 神奈川県厚木市中荻野１９４１−１,https://www.google.com/search?q=中津川カントリークラブ,35.51823030000001,139.3098742
GC1429,長竹カントリークラブ,252-0154 神奈川県相模原市緑区長竹１８３８ 長竹ＣＣ,https://www.google.com/search?q=長竹カントリークラブ,35.5603934,139.2628872
GC1430,箱根カントリー倶楽部,250-0631 神奈川県足柄下郡箱根町仙石原１２４５,https://www.google.com/search?q=箱根カントリー倶楽部,35.25087730000001,138.9947052
GC1431,秦野カントリークラブ,257-0027 神奈川県秦野市西田原 花見平1400-5,https://www.google.com/search?q=秦野カントリークラブ,35.4004953,139.2130957
GC1432,葉山国際カンツリー倶楽部,240-0114 神奈川県三浦郡葉山町木古庭１０４３−１,https://www.google.com/search?q=葉山国際カンツリー倶楽部,35.2571969,139.624165
GC1433,平塚富士見カントリークラブ,259-0151 神奈川県足柄上郡中井町井ノ口５３７,https://www.google.com/search?q=平塚富士見カントリークラブ,35.3299799,139.2482747
GC1434,本厚木カンツリークラブ,243-0213 神奈川県厚木市飯山１７００,https://www.google.com/search?q=本厚木カンツリークラブ,35.4616449,139.3371888
GC1435,湯河原カンツリー倶楽部,259-0312 神奈川県足柄下郡湯河原町吉浜２０２０,https://www.google.com/search?q=湯河原カンツリー倶楽部,35.1705375,139.1108468
GC1436,横浜カントリークラブ,240-0035 神奈川県横浜市保土ケ谷区今井町１０２５,https://www.google.com/search?q=横浜カントリークラブ,35.445905,139.5489545
GC1437,レインボーカントリー倶楽部,259-0156 神奈川県足柄上郡中井町境別所駐車場,https://www.google.com/search?q=レインボーカントリー倶楽部,35.3556098,139.2025909
GC1438,石地シーサイドカントリークラブ,949-4204 新潟県柏崎市西山町大崎８７３,https://www.google.com/search?q=石地シーサイドカントリークラブ,37.4950147,138.6459956
GC1439,糸魚川カントリークラブ,941-0055 新潟県糸魚川市蓮台寺１５５０,https://www.google.com/search?q=糸魚川カントリークラブ,37.0171699,137.87471
GC1440,越後ゴルフ倶楽部,946-0113 新潟県魚沼市東中７８５,https://www.google.com/search?q=越後ゴルフ倶楽部,37.2739646,138.9490166
GC1441,笹神五頭ゴルフ倶楽部,959-1946 新潟県阿賀野市押切前山１２６９−１,https://www.google.com/search?q=笹神五頭ゴルフ倶楽部,37.819173,139.27324
GC1442,紫雲ゴルフ倶楽部,957-0236 新潟県新発田市元郷２１１,https://www.google.com/search?q=紫雲ゴルフ倶楽部,38.01556,139.298335
GC1443,下田城カントリー倶楽部,955-0144 新潟県三条市楢山５２,https://www.google.com/search?q=下田城カントリー倶楽部,37.5315273,139.0541857
GC1444,新発田城カントリー倶楽部,957-0042 新潟県新発田市浦１０２３−１,https://www.google.com/search?q=新発田城カントリー倶楽部,37.900989,139.347051
GC1445,胎内高原ゴルフ倶楽部,959-2822 新潟県胎内市夏井１２４４−１,https://www.google.com/search?q=胎内高原ゴルフ倶楽部,38.0293389,139.5088451
GC1446,中条ゴルフ倶楽部,959-2709 新潟県胎内市村松浜５５５,https://www.google.com/search?q=中条ゴルフ倶楽部,38.0501583,139.3261078
GC1447,中峰ゴルフ倶楽部,959-2335 新潟県新発田市本田１３０−４,https://www.google.com/search?q=中峰ゴルフ倶楽部,37.8795333,139.2988053
GC1448,長岡カントリー倶楽部,940-2135 新潟県長岡市深沢町２５６４,https://www.google.com/search?q=長岡カントリー倶楽部,37.419564,138.761523
GC1449,新潟ゴルフ倶楽部,953-0075 新潟県新潟市西蒲区峰岡７４４ 新潟カントリー倶楽部,https://www.google.com/search?q=新潟ゴルフ倶楽部,37.760435,138.844416
GC1450,新津カントリークラブ,956-0836 新潟県新潟市秋葉区田家８５００,https://www.google.com/search?q=新津カントリークラブ,37.777679,139.13206
GC1451,日本海カントリークラブ,959-2609 新潟県胎内市荒井浜５２８−３,https://www.google.com/search?q=日本海カントリークラブ,38.112503,139.387194
GC1452,ノーブルウッドゴルフクラブ,957-0231 新潟県新発田市藤塚浜２００１,https://www.google.com/search?q=ノーブルウッドゴルフクラブ,38.0268127,139.3149125
GC1453,フォレストカントリー倶楽部,959-2393 新潟県新発田市万代８５５,https://www.google.com/search?q=フォレストカントリー倶楽部,37.895776,139.306012
GC1454,松ヶ峯カントリークラブ,949-2318 新潟県上越市中郷区岡川３８３,https://www.google.com/search?q=松ヶ峯カントリークラブ,36.9618233,138.2094306
GC1455,妙高サンシャインゴルフ倶楽部,949-2316 新潟県上越市中郷区江口８４６−１,https://www.google.com/search?q=妙高サンシャインゴルフ倶楽部,36.9525711,138.209936
GC1456,湯田上カントリークラブ,959-1501 新潟県南蒲原郡田上町湯川２９８６,https://www.google.com/search?q=湯田上カントリークラブ,37.72490790000001,139.0907545
GC1457,魚津国際カントリークラブ,937-0022 富山県魚津市小川寺１００４,https://www.google.com/search?q=魚津国際カントリークラブ,36.8189201,137.4597015
GC1458,呉羽カントリークラブ,930-0155 富山県富山市三熊１９−２,https://www.google.com/search?q=呉羽カントリークラブ,36.661607,137.111561
GC1459,千羽平ゴルフクラブ,932-0124 富山県小矢部市蓑輪 千羽山 24番地,https://www.google.com/search?q=千羽平ゴルフクラブ,36.6120422,136.8733732
GC1460,太閤山カントリークラブ,939-0323 富山県射水市平野１,https://www.google.com/search?q=太閤山カントリークラブ,36.6805373,137.0978941
GC1461,高岡カントリー倶楽部,939-1263 富山県高岡市御坊山８７６,https://www.google.com/search?q=高岡カントリー倶楽部,36.67124099999999,137.0455212
GC1462,トナミロイヤルゴルフ倶楽部,939-1895 富山県南砺市井口１３－１ ,https://www.google.com/search?q=トナミロイヤルゴルフ倶楽部,,
GC1463,富山カントリークラブ,939-2204 富山県富山市万願寺1−１６６,https://www.google.com/search?q=富山カントリークラブ,36.5873983,137.2398129
GC1464,花尾カントリークラブ,939-0153 富山県高岡市福岡町花尾５,https://www.google.com/search?q=花尾カントリークラブ,36.7502796,136.8984625
GC1465,氷見カントリークラブ,935-0414 富山県氷見市白川３５,https://www.google.com/search?q=氷見カントリークラブ,36.9122253,136.9939572
GC1466,石川ゴルフ倶楽部,929-0442 石川県河北郡津幡町大坪井1,https://www.google.com/search?q=石川ゴルフ倶楽部,36.6460239,136.7547011
GC1467,片山津ゴルフ倶楽部 片山津ゴルフ場,922-0401 石川県加賀市新保町ト−１−１,https://www.google.com/search?q=片山津ゴルフ倶楽部 片山津ゴルフ場,36.3721082,136.3766352
GC1468,金沢セントラルカントリー倶楽部,920-0822 石川県金沢市東長江町於1−番地,https://www.google.com/search?q=金沢セントラルカントリー倶楽部,36.5588417,136.7131652
GC1469,ゴルフクラブ ツインフィールズ,923-0062 石川県小松市里川町1 番地,https://www.google.com/search?q=ゴルフクラブ ツインフィールズ,36.4126188,136.5367244
GC1470,千里浜カントリークラブ,929-1341 石川県羽咋郡宝達志水町宿２甲３６−１,https://www.google.com/search?q=千里浜カントリークラブ,36.844236,136.758501
GC1471,朱鷺の台カントリークラブ,925-0018 石川県羽咋市柳田町８−８,https://www.google.com/search?q=朱鷺の台カントリークラブ,36.938493,136.788169
GC1472,那谷寺カントリー倶楽部,923-0336 石川県小松市那谷町,https://www.google.com/search?q=那谷寺カントリー倶楽部,36.3214259,136.4176695
GC1473,能登カントリークラブ,929-1331 石川県羽咋郡宝達志水町米出ワ−１,https://www.google.com/search?q=能登カントリークラブ,36.8155784,136.7479858
GC1474,白山カントリー倶楽部,923-1201 石川県能美市岩内町レ−27,https://www.google.com/search?q=白山カントリー倶楽部,36.4485459,136.5644557
GC1475,山代ゴルフ倶楽部,922-0266 石川県加賀市小坂町ト−甲７−２,https://www.google.com/search?q=山代ゴルフ倶楽部,36.2768502,136.3803261
GC1476,芦原ゴルフクラブ,910-4271 福井県あわら市浜坂６６,https://www.google.com/search?q=芦原ゴルフクラブ,36.2853483,136.2370183
GC1477,ジャパンセントラルゴルフ倶楽部,919-0726 福井県あわら市笹岡３０−２０４,https://www.google.com/search?q=ジャパンセントラルゴルフ倶楽部,36.217009,136.2813752
GC1478,杉ノ木台ゴルフクラブ,918-8176 福井県福井市三十八社町３２−２０−１,https://www.google.com/search?q=杉ノ木台ゴルフクラブ,35.9937341,136.1844176
GC1479,敦賀国際ゴルフ倶楽部,914-0133 福井県敦賀市みどりケ丘町１６５,https://www.google.com/search?q=敦賀国際ゴルフ倶楽部,35.6053152,136.0580393
GC1480,フクイカントリークラブ,910-0323 福井県坂井市丸岡町野中山王６０,https://www.google.com/search?q=フクイカントリークラブ,36.126201,136.302264
GC1481,福井国際カントリークラブ,919-0812 福井県あわら市柿原６６−８−５３,https://www.google.com/search?q=福井国際カントリークラブ,36.2368106,136.2485553
GC1482,わかさカントリー倶楽部,919-1531 福井県三方上中郡若狭町新道９−３,https://www.google.com/search?q=わかさカントリー倶楽部,35.4671957,135.8913367
GC1483,上野原カントリークラブ,409-0112 山梨県上野原市上野原６８８７,https://www.google.com/search?q=上野原カントリークラブ,35.6585061,139.1172798
GC1484,塩山カントリー倶楽部,404-0023 山梨県甲州市塩山中萩原３６８３−１,https://www.google.com/search?q=塩山カントリー倶楽部,35.71489,138.773901
GC1485,オリムピックカントリークラブ,409-0125 山梨県上野原市野田尻３０８５,https://www.google.com/search?q=オリムピックカントリークラブ,35.63018,139.0679196
GC1486,甲斐駒カントリークラブ,408-0305 山梨県北杜市武川町黒澤2149ｰ8,https://www.google.com/search?q=甲斐駒カントリークラブ,35.7751731,138.3535311
GC1487,甲斐ヒルズカントリー倶楽部,400-0102 山梨県甲斐市團子新居１９２７−４,https://www.google.com/search?q=甲斐ヒルズカントリー倶楽部,35.7293077,138.5128238
GC1488,春日居ゴルフ倶楽部,406-0014 山梨県笛吹市春日居町国府７５９,https://www.google.com/search?q=春日居ゴルフ倶楽部,35.6783218,138.640686
GC1489,河口湖カントリークラブ,401-0301 山梨県南都留郡富士河口湖町船津６２３６,https://www.google.com/search?q=河口湖カントリークラブ,35.468426,138.751466
GC1490,カントリークラブ・グリーンバレイ,407-0172 山梨県韮崎市穂坂町１８４９,https://www.google.com/search?q=カントリークラブ・グリーンバレイ,35.747446,138.508144
GC1491,北の杜カントリー倶楽部,408-0037 山梨県北杜市長坂町中島４４０２,https://www.google.com/search?q=北の杜カントリー倶楽部,35.8275368,138.342296
GC1492,甲府国際カントリークラブ,406-0812 山梨県笛吹市御坂町下黒駒３１９３,https://www.google.com/search?q=甲府国際カントリークラブ,35.6015708,138.6950003
GC1493,境川カントリー倶楽部,406-0851 山梨県笛吹市境川町小黒坂２２６６,https://www.google.com/search?q=境川カントリー倶楽部,35.5857634,138.6359099
GC1494,桜ヒルズゴルフクラブ,401-0201 山梨県上野原市秋山6275−６２７５,https://www.google.com/search?q=桜ヒルズゴルフクラブ,35.5652397,139.0862562
GC1495,サンメンバーズカントリークラブ,409-0124 山梨県上野原市犬目５２５ 駐車場,https://www.google.com/search?q=サンメンバーズカントリークラブ,35.622761,139.033592
GC1496,敷島カントリー倶楽部,400-1127 山梨県甲斐市神戸４４０,https://www.google.com/search?q=敷島カントリー倶楽部,35.7614222,138.5258125
GC1497,昇仙峡カントリークラブ,400-0121 山梨県甲斐市牛句３８５９,https://www.google.com/search?q=昇仙峡カントリークラブ,35.7172406,138.5124044
GC1498,中央都留カントリー倶楽部,402-0045 山梨県都留市大幡３０３６ 都留市大幡舟井沢,https://www.google.com/search?q=中央都留カントリー倶楽部,35.5702338,138.8641084
GC1499,都留カントリー倶楽部,402-0025 山梨県都留市法能 天神山１４５２,https://www.google.com/search?q=都留カントリー倶楽部,35.5391278,138.9241044
GC1500,花咲カントリー倶楽部,401-0015 山梨県大月市大月町花咲１８７２−１,https://www.google.com/search?q=花咲カントリー倶楽部,35.6084556,138.9261169
GC1501,富士川カントリークラブ,409-3301 山梨県南巨摩郡身延町西嶋３５２５,https://www.google.com/search?q=富士川カントリークラブ,35.492349,138.435346
GC1502,富士レイクサイドカントリー倶楽部,401-0320 山梨県南都留郡鳴沢村字富士山８５４５−６,https://www.google.com/search?q=富士レイクサイドカントリー倶楽部,35.4506183,138.7346372
GC1503,富士ロイヤルカントリークラブ,409-2103 山梨県南巨摩郡南部町万沢７４８３,https://www.google.com/search?q=富士ロイヤルカントリークラブ,35.208663,138.507063
GC1504,都ゴルフ倶楽部,402-0022 山梨県都留市戸沢１３５３,https://www.google.com/search?q=都ゴルフ倶楽部,35.5461953,138.9399811
GC1505,メイプルポイントゴルフクラブ,409-0114 山梨県上野原市鶴島３６００,https://www.google.com/search?q=メイプルポイントゴルフクラブ,35.6034003,139.110207
GC1506,レイクウッドゴルフクラブサンパーク明野コース,408-0202 山梨県北杜市明野町小笠原字大内窪３３９４−１,https://www.google.com/search?q=レイクウッドゴルフクラブサンパーク明野コース,35.772175,138.4817811
GC1507,浅間高原カントリー倶楽部,389-0505 長野県東御市和６４１１,https://www.google.com/search?q=浅間高原カントリー倶楽部,36.4002634,138.3401197
GC1508,あづみ野カントリークラブ,399-8305 長野県安曇野市穂高牧２０５０−１,https://www.google.com/search?q=あづみ野カントリークラブ,36.318923,137.819199
GC1509,あららぎカントリークラブ,395-0501 長野県下伊那郡阿智村浪合恩田１５３,https://www.google.com/search?q=あららぎカントリークラブ,35.4106133,137.6708207
GC1510,伊那エースカントリークラブ,396-0621 長野県伊那市富県 富県上新山1120,https://www.google.com/search?q=伊那エースカントリークラブ,35.793051,138.042821
GC1511,上田菅平高原グランヴィリオゴルフ倶楽部,386-2204 長野県上田市菅平高原１２２３−３３０７,https://www.google.com/search?q=上田菅平高原グランヴィリオゴルフ倶楽部,36.535661,138.355945
GC1512,上田丸子グランヴィリオゴルフ倶楽部,386-0402 長野県上田市藤原田１０３８−１,https://www.google.com/search?q=上田丸子グランヴィリオゴルフ倶楽部,36.33156,138.309674
GC1513,塩嶺カントリークラブ,399-0651 長野県塩尻市北小野４９５６,https://www.google.com/search?q=塩嶺カントリークラブ,36.069605,138.0085722
GC1514,オーソルヴェール軽井沢倶楽部,389-0114 長野県北佐久郡軽井沢町茂沢１−２０１,https://www.google.com/search?q=オーソルヴェール軽井沢倶楽部,36.2969687,138.584117
GC1515,川中嶋カントリークラブ,388-8016 長野県長野市篠ノ井有旅５２９２,https://www.google.com/search?q=川中嶋カントリークラブ,36.5770657,138.0883278
GC1516,木曽カントリー倶楽部,397-0301 長野県木曽郡木曽町開田高原末川３０７７,https://www.google.com/search?q=木曽カントリー倶楽部,35.9288003,137.6098556
GC1517,木曽駒高原カントリークラブ,399-6101 長野県木曽郡木曽町日義４８９８−８,https://www.google.com/search?q=木曽駒高原カントリークラブ,35.8526984,137.7527771
GC1518,旧軽井沢ゴルフクラブ,389-0102 長野県北佐久郡軽井沢町軽井沢１３７２−３,https://www.google.com/search?q=旧軽井沢ゴルフクラブ,36.3585918,138.6252308
GC1519,グランディ軽井沢ゴルフクラブ 森泉コース,389-0204 長野県北佐久郡御代田町豊昇１４５４,https://www.google.com/search?q=グランディ軽井沢ゴルフクラブ 森泉コース,36.3012119,138.5473615
GC1520,志賀高原カントリークラブ,381-0405 長野県下高井郡山ノ内町夜間瀬１２７９３ QCQ8+XW,https://www.google.com/search?q=志賀高原カントリークラブ,36.789359,138.413875
GC1521,信濃ゴルフ倶楽部,389-1395 長野県上水内郡信濃町大井高山２４３３,https://www.google.com/search?q=信濃ゴルフ倶楽部,36.7607073,138.2019134
GC1522,シャトレーゼカントリークラブ小海,384-1103 長野県南佐久郡小海町豊里５９０７,https://www.google.com/search?q=シャトレーゼカントリークラブ小海,36.0587197,138.421105
GC1523,シャトレーゼカントリークラブ野辺山,384-1407 長野県南佐久郡川上村御所平１８４１−５,https://www.google.com/search?q=シャトレーゼカントリークラブ野辺山,35.9320182,138.4936874
GC1524,信州伊那国際ゴルフクラブ,396-0041 長野県伊那市西箕輪3350,https://www.google.com/search?q=信州伊那国際ゴルフクラブ,35.8829025,137.9318423
GC1525,高森カントリークラブ,399-3101 長野県下伊那郡高森町山吹６９５５−２３,https://www.google.com/search?q=高森カントリークラブ,35.5952642,137.8654484
GC1526,蓼科高原カントリークラブ,391-0301 長野県茅野市北山蓼科４０３５,https://www.google.com/search?q=蓼科高原カントリークラブ,36.0491376,138.2541409
GC1527,立科ゴルフ倶楽部,384-2211 長野県北佐久郡立科町茂田井２１１,https://www.google.com/search?q=立科ゴルフ倶楽部,36.2525293,138.3190245
GC1528,蓼科東急ゴルフコース,391-0301 長野県茅野市北山鹿山４０２６−２,https://www.google.com/search?q=蓼科東急ゴルフコース,36.0603028,138.2541215
GC1529,大浅間ゴルフクラブ,389-0201 長野県北佐久郡御代田町塩野４００−１,https://www.google.com/search?q=大浅間ゴルフクラブ,36.3441667,138.5083333
GC1530,中央道晴ヶ峰カントリー倶楽部,396-0301 長野県伊那市高遠町藤沢７０５１−１１,https://www.google.com/search?q=中央道晴ヶ峰カントリー倶楽部,35.9602671,138.1368921
GC1531,豊科カントリー倶楽部,399-8203 長野県安曇野市豊科田沢８１８６−１,https://www.google.com/search?q=豊科カントリー倶楽部,36.296509,137.950087
GC1532,中軽井沢カントリークラブ,389-0111 長野県北佐久郡軽井沢町長倉１１６６,https://www.google.com/search?q=中軽井沢カントリークラブ,36.333347,138.5734581
GC1533,長野カントリークラブ,380-0888 長野県長野市上ケ屋２４７１,https://www.google.com/search?q=長野カントリークラブ,36.7095349,138.1250287
GC1534,長野国際カントリークラブ,389-1211 長野県上水内郡飯綱町牟礼１３１３,https://www.google.com/search?q=長野国際カントリークラブ,36.73634,138.2393257
GC1535,穂高カントリークラブ,399-8305 長野県安曇野市穂高牧２１９５,https://www.google.com/search?q=穂高カントリークラブ,36.31562419999999,137.8294525
GC1536,松本浅間カントリークラブ,390-0317 長野県松本市洞９０２,https://www.google.com/search?q=松本浅間カントリークラブ,36.281067,137.995174
GC1537,松本カントリークラブ,399-0023 長野県松本市内田２６８１,https://www.google.com/search?q=松本カントリークラブ,36.1616692,138.0096889
GC1538,三井の森蓼科ゴルフ倶楽部,391-0213 長野県茅野市豊平 字東嶽 １０２８９,https://www.google.com/search?q=三井の森蓼科ゴルフ倶楽部,36.0069301,138.2608902
GC1539,南長野ゴルフ倶楽部,381-2701 長野県長野市大岡中牧２７４−１,https://www.google.com/search?q=南長野ゴルフ倶楽部,36.5257964,138.024487
GC1540,望月カントリークラブ,384-2204 長野県佐久市協和４１９４−６,https://www.google.com/search?q=望月カントリークラブ,36.221798,138.3307021
GC1541,愛岐カントリークラブ,509-0238 岐阜県可児市大森１５０１,https://www.google.com/search?q=愛岐カントリークラブ,35.376402,137.104745
GC1542,明智ゴルフ倶楽部明智ゴルフ場,509-7797 岐阜県恵那市明智町吉良見９８０−２,https://www.google.com/search?q=明智ゴルフ倶楽部明智ゴルフ場,35.3000016,137.3383583
GC1543,明世カントリークラブ,509-6131 岐阜県瑞浪市明世町月吉１１１２−８８,https://www.google.com/search?q=明世カントリークラブ,35.393488,137.21968
GC1544,いわむらカントリークラブ,509-7401 岐阜県恵那市岩村町飯羽間 字小沢山3689-17,https://www.google.com/search?q=いわむらカントリークラブ,35.4065285,137.4281027
GC1545,恵那峡カントリークラブ,509-7205 岐阜県恵那市長島町中野１２６９−５１,https://www.google.com/search?q=恵那峡カントリークラブ,35.4399969,137.3854636
GC1546,大垣カントリー倶楽部,501-0601 岐阜県揖斐郡揖斐川町北方２９７５−２,https://www.google.com/search?q=大垣カントリー倶楽部,35.513719,136.543414
GC1547,各務原カントリー倶楽部,509-0101 岐阜県各務原市須衛２３６０−１,https://www.google.com/search?q=各務原カントリー倶楽部,35.4328475,136.9159106
GC1548,岐阜カンツリー倶楽部,504-0913 岐阜県各務原市那加大東町１２,https://www.google.com/search?q=岐阜カンツリー倶楽部,35.3974803,136.8476994
GC1549,岐阜関カントリー倶楽部,501-3944 岐阜県関市山田芳洞１６９１−１,https://www.google.com/search?q=岐阜関カントリー倶楽部,35.4637486,136.8808239
GC1550,岐阜本巣カントリークラブ,501-1233 岐阜県本巣市外山２１２０−３０,https://www.google.com/search?q=岐阜本巣カントリークラブ,35.539917,136.6852722
GC1551,小萱ﾁｪﾘｰｸﾘｰｸｶﾝﾄﾘｰｸﾗﾌﾞ,509-0224 岐阜県４３１−５ 可児市久々利奥小栗,https://www.google.com/search?q=小萱ﾁｪﾘｰｸﾘｰｸｶﾝﾄﾘｰｸﾗﾌﾞ,35.4111901,137.1220902
GC1552,こぶしゴルフ倶楽部,505-0102 岐阜県可児郡御嵩町前沢８０７５−６,https://www.google.com/search?q=こぶしゴルフ倶楽部,35.4540689,137.1924474
GC1553,さくらカントリークラブ,505-0306 岐阜県加茂郡八百津町上飯田１４８８,https://www.google.com/search?q=さくらカントリークラブ,35.4791306,137.0912286
GC1554,笹平カントリー倶楽部,509-7606 岐阜県恵那市山岡町田代１４９２−１,https://www.google.com/search?q=笹平カントリー倶楽部,35.3344338,137.3061976
GC1555,サンクラシックゴルフクラブ,505-0124 岐阜県可児郡御嵩町比衣字北大洞１０９７−１−１,https://www.google.com/search?q=サンクラシックゴルフクラブ,35.4545469,137.1098039
GC1556,荘川高原カントリークラブ,501-5422 岐阜県高山市荘川町岩瀬６２０−２,https://www.google.com/search?q=荘川高原カントリークラブ,36.0619515,136.9564524
GC1557,新陽カントリー倶楽部,509-5311 岐阜県土岐市鶴里町細野１３７８−３,https://www.google.com/search?q=新陽カントリー倶楽部,35.2869539,137.2287732
GC1558,シーダーヒルズカントリークラブ,501-3202 岐阜県関市西神野１１８１−１,https://www.google.com/search?q=シーダーヒルズカントリークラブ,35.5370498,136.9601295
GC1559,スプリングフィールドゴルフクラブ,507-0002 岐阜県多治見市小名田町別山１番地,https://www.google.com/search?q=スプリングフィールドゴルフクラブ,35.3743819,137.1339682
GC1560,瑞陵ゴルフ倶楽部,509-6101 岐阜県瑞浪市土岐町８２６３−３１,https://www.google.com/search?q=瑞陵ゴルフ倶楽部,35.37745020000001,137.309987
GC1561,三甲谷汲カントリークラブ,501-1303 岐阜県揖斐郡揖斐川町谷汲長瀬 乾谷,https://www.google.com/search?q=三甲谷汲カントリークラブ,35.53698869999999,136.6169371
GC1562,中部国際ゴルフクラブ,509-0233 岐阜県可児市柿下１２６−２,https://www.google.com/search?q=中部国際ゴルフクラブ,35.388412,137.120179
GC1563,TOSHIN GC Central,501-3307 岐阜県加茂郡富加町大平賀９５０,https://www.google.com/search?q=TOSHIN GC Central,35.504271,136.956102
GC1564,中仙道ゴルフ倶楽部,509-6471 岐阜県瑞浪市大湫町６２１−１,https://www.google.com/search?q=中仙道ゴルフ倶楽部,,
GC1565,長良川カントリー倶楽部,502-0071 岐阜県岐阜市長良 北裏山８６２−８,https://www.google.com/search?q=長良川カントリー倶楽部,35.4503012,136.7965991
GC1566,日本ラインゴルフ倶楽部,509-0253 岐阜県可児市室原８７,https://www.google.com/search?q=日本ラインゴルフ倶楽部,35.3947271,137.028472
GC1567,花の木ゴルフクラブ,509-6251 岐阜県瑞浪市日吉町８６７５−１,https://www.google.com/search?q=花の木ゴルフクラブ,35.4344493,137.2091983
GC1568,飛騨高山カントリークラブ,506-0825 岐阜県高山市石浦町１１０８,https://www.google.com/search?q=飛騨高山カントリークラブ,36.1068817,137.250935
GC1569,フォレストみずなみカントリークラブ,509-6472 岐阜県瑞浪市釜戸町上桑原４６０５,https://www.google.com/search?q=フォレストみずなみカントリークラブ,35.4219394,137.3320511
GC1570,富士カントリー可児クラブ可児ゴルフ場,509-0224 岐阜県可児市久々利２２１−２,https://www.google.com/search?q=富士カントリー可児クラブ可児ゴルフ場,35.3928412,137.1490632
GC1571,法仙坊ゴルフ倶楽部,505-0005 岐阜県美濃加茂市蜂屋町中蜂屋１６１７,https://www.google.com/search?q=法仙坊ゴルフ倶楽部,35.489048,137.0124816
GC1572,美岳カントリークラブ,505-0102 岐阜県可児郡御嵩町前沢８０７５−３,https://www.google.com/search?q=美岳カントリークラブ,35.4493543,137.1856516
GC1573,美濃白川ゴルフ倶楽部飛水峡コース,509-1101 岐阜県加茂郡白川町白山１０３３,https://www.google.com/search?q=美濃白川ゴルフ倶楽部飛水峡コース,35.6138108,137.1953924
GC1574,むらさき野カントリークラブ,505-0422 岐阜県加茂郡八百津町久田見３１１５−１,https://www.google.com/search?q=むらさき野カントリークラブ,35.5236397,137.2055493
GC1575,名岐国際ゴルフ倶楽部,509-5301 岐阜県土岐市妻木町３０５９−４２,https://www.google.com/search?q=名岐国際ゴルフ倶楽部,35.2807303,137.1934311
GC1576,やまがたゴルフ倶楽部美山コース,501-2321 岐阜県山県市谷合２８１７,https://www.google.com/search?q=やまがたゴルフ倶楽部美山コース,35.5777772,136.7468748
GC1577,養老カントリークラブ,503-1637 岐阜県大垣市上石津町上１５２６−２,https://www.google.com/search?q=養老カントリークラブ,35.252458,136.444757
GC1578,レイクグリーンゴルフ倶楽部,505-0112 岐阜県可児郡御嵩町美佐野字押山２６５２−１,https://www.google.com/search?q=レイクグリーンゴルフ倶楽部,35.3972015,137.1767933
GC1579,鷲ヶ岳高原ゴルフ倶楽部,501-5303 岐阜県郡上市高鷲町大鷲３２６２−１,https://www.google.com/search?q=鷲ヶ岳高原ゴルフ倶楽部,35.9394147,136.9113858
GC1580,朝霧ジャンボリーゴルフクラブ,418-0108 静岡県富士宮市猪之頭２９７１,https://www.google.com/search?q=朝霧ジャンボリーゴルフクラブ,35.379892,138.579655
GC1581,愛鷹シックスハンドレッドクラブ,410-0301 静岡県沼津市宮本５１２,https://www.google.com/search?q=愛鷹シックスハンドレッドクラブ,35.1630333,138.8202958
GC1582,芦の湖カントリークラブ,411-0000 静岡県三島市山中新田字４７０８,https://www.google.com/search?q=芦の湖カントリークラブ,35.1786903,139.0049897
GC1583,天城高原ゴルフコース,410-2513 静岡県伊豆市菅引６３８−８３,https://www.google.com/search?q=天城高原ゴルフコース,34.8723766,139.0252232
GC1584,伊豆大仁カントリークラブ,410-2311 静岡県伊豆の国市浮橋１１９８,https://www.google.com/search?q=伊豆大仁カントリークラブ,35.0309461,139.0292653
GC1585,伊豆国際カントリークラブ,410-2418 静岡県伊豆市堀切１００４−５,https://www.google.com/search?q=伊豆国際カントリークラブ,34.9769925,138.8929792
GC1586,伊豆下田カントリークラブ,415-0312 静岡県賀茂郡南伊豆町入間２３８３−１,https://www.google.com/search?q=伊豆下田カントリークラブ,34.6392767,138.8051071
GC1587,伊豆にらやまカントリークラブ,410-2113 静岡県伊豆の国市中１６１３,https://www.google.com/search?q=伊豆にらやまカントリークラブ,35.045874,139.001629
GC1588,伊東カントリークラブ,414-0053 静岡県伊東市荻６９４−１,https://www.google.com/search?q=伊東カントリークラブ,34.9268,139.07534
GC1589,稲取ゴルフクラブ,413-0411 静岡県賀茂郡東伊豆町稲取３３３７,https://www.google.com/search?q=稲取ゴルフクラブ,34.801264,139.018306
GC1590,小田原ゴルフ倶楽部 日動御殿場コース,412-0033 静岡県御殿場市神山１９１６,https://www.google.com/search?q=小田原ゴルフ倶楽部 日動御殿場コース,35.2370491,138.9400024
GC1591,掛川カントリークラブ,437-1407 静岡県掛川市小貫１３５７,https://www.google.com/search?q=掛川カントリークラブ,34.726551,138.037388
GC1592,掛川グリーンヒルカントリークラブ,436-0106 静岡県掛川市寺島１０００,https://www.google.com/search?q=掛川グリーンヒルカントリークラブ,34.8328229,137.9578772
GC1593,葛城ゴルフ倶楽部,437-0121 静岡県袋井市宇刈２５０５番地の２,https://www.google.com/search?q=葛城ゴルフ倶楽部,34.8078727,137.9290341
GC1594,凾南ゴルフ倶楽部,419-0101 静岡県田方郡函南町桑原 高雄山１３１５−２５,https://www.google.com/search?q=凾南ゴルフ倶楽部,35.1427456,139.0028481
GC1595,かんなみスプリングスカントリークラブ,419-0101 静岡県田方郡函南町桑原１３００−１４６,https://www.google.com/search?q=かんなみスプリングスカントリークラブ,35.1231224,139.0011201
GC1596,菊川カントリークラブ,439-0001 静岡県菊川市富田２３０,https://www.google.com/search?q=菊川カントリークラブ,34.7811956,138.1047083
GC1597,ギャツビイゴルフクラブ,410-1314 静岡県駿東郡小山町新柴５０４−１,https://www.google.com/search?q=ギャツビイゴルフクラブ,35.3154472,138.9863476
GC1598,グランディ浜名湖 ゴルフクラブ,431-1207 静岡県浜松市中央区村櫛町４６２０,https://www.google.com/search?q=グランディ浜名湖 ゴルフクラブ,34.7225112,137.6040649
GC1599,御殿場ゴルフ倶楽部,412-0033 静岡県御殿場市神山１９２４−２,https://www.google.com/search?q=御殿場ゴルフ倶楽部,35.2522094,138.9427333
GC1600,御殿場東名ゴルフクラブ,412-0047 静岡県御殿場市神場１５３０−２,https://www.google.com/search?q=御殿場東名ゴルフクラブ,35.2731707,138.8970307
GC1601,ゴールド川奈カントリークラブ,414-0051 静岡県伊東市吉田８３４,https://www.google.com/search?q=ゴールド川奈カントリークラブ,34.925689,139.1071248
GC1602,相良カントリー倶楽部,421-0501 静岡県牧之原市東萩間１１２８−１,https://www.google.com/search?q=相良カントリー倶楽部,34.752559,138.158471
GC1603,サザンクロスリゾート,414-0051 静岡県伊東市吉田１００６,https://www.google.com/search?q=サザンクロスリゾート,34.9375135,139.1260815
GC1604,三甲ゴルフ倶楽部 富士コース,410-1326 静岡県駿東郡小山町用沢１４４２−２３,https://www.google.com/search?q=三甲ゴルフ倶楽部 富士コース,35.35436,138.9195806
GC1605,ザ・フォレストカントリークラブ,437-0227 静岡県周智郡森町橘５７６−３,https://www.google.com/search?q=ザ・フォレストカントリークラブ,34.849247,137.906654
GC1606,静岡カントリー島田ゴルフコース,427-0107 静岡県島田市船木３５００,https://www.google.com/search?q=静岡カントリー島田ゴルフコース,34.798191,138.2040863
GC1607,静岡カントリー浜岡コース＆ホテル,437-1615 静岡県御前崎市門屋２０７０−２,https://www.google.com/search?q=静岡カントリー浜岡コース＆ホテル,34.654639,138.095428
GC1608,静岡カントリー袋井コース,437-0012 静岡県袋井市国本１６１６,https://www.google.com/search?q=静岡カントリー袋井コース,34.769861,137.946161
GC1609,静岡よみうりカントリークラブ,436-0225 静岡県掛川市家代１１８８,https://www.google.com/search?q=静岡よみうりカントリークラブ,34.7962608,137.9682464
GC1610,修善寺カントリークラブ,410-2406 静岡県伊豆市日向９６５,https://www.google.com/search?q=修善寺カントリークラブ,34.956178,138.9583119
GC1611,十里木カントリークラブ,417-0803 静岡県富士市桑崎１０１６,https://www.google.com/search?q=十里木カントリークラブ,35.2627706,138.7768325
GC1612,G8富士カントリークラブ,418-0112 静岡県富士宮市北山７４２６−６３,https://www.google.com/search?q=G8富士カントリークラブ,35.332476,138.633087
GC1613,裾野カンツリー倶楽部,410-1104 静岡県裾野市今里１０６０,https://www.google.com/search?q=裾野カンツリー倶楽部,35.2253108,138.8696983
GC1614,大熱海国際ゴルフクラブ,410-2312 静岡県伊豆の国市長者原１２４０,https://www.google.com/search?q=大熱海国際ゴルフクラブ,35.0217382,139.0343034
GC1615,大富士ゴルフ場,417-0802 静岡県富士市今宮１２４３,https://www.google.com/search?q=大富士ゴルフ場,35.2071418,138.7191162
GC1616,東名カントリークラブ,410-1126 静岡県裾野市桃園３００,https://www.google.com/search?q=東名カントリークラブ,35.18101559999999,138.8863416
GC1617,東名富士カントリークラブ,410-1313 静岡県駿東郡小山町竹之下３４１７−１,https://www.google.com/search?q=東名富士カントリークラブ,35.341863,138.995424
GC1618,豊岡国際カントリークラブ,438-0106 静岡県磐田市敷地１４６０−１,https://www.google.com/search?q=豊岡国際カントリークラブ,34.8525514,137.8707797
GC1619,中伊豆グリーンクラブ,410-2507 静岡県伊豆市冷川１５２１−１０８,https://www.google.com/search?q=中伊豆グリーンクラブ,34.9174644,139.0342672
GC1620,沼津国際カントリークラブ,410-0001 静岡県沼津市足高４４１−３３４ 尾ノ上４４１−３３４,https://www.google.com/search?q=沼津国際カントリークラブ,35.179053,138.839601
GC1621,沼津ゴルフクラブ,410-0001 静岡県沼津市足高字尾上４４１,https://www.google.com/search?q=沼津ゴルフクラブ,35.166335,138.848559
GC1622,浜名湖カントリークラブ,431-0451 静岡県湖西市白須賀５７３９,https://www.google.com/search?q=浜名湖カントリークラブ,34.685305,137.524205
GC1623,浜松カントリークラブ,431-3423 静岡県浜松市天竜区渡ケ島２０−６,https://www.google.com/search?q=浜松カントリークラブ,34.8520531,137.7774883
GC1624,浜松シーサイドゴルフクラブ,438-0055 静岡県磐田市鮫島４１１９−１,https://www.google.com/search?q=浜松シーサイドゴルフクラブ,34.6604991,137.8484382
GC1625,PGM御殿場カントリークラブ,410-1315 静岡県駿東郡小山町桑木６５８,https://www.google.com/search?q=PGM御殿場カントリークラブ,35.3112548,138.9736418
GC1626,フジ天城ゴルフ倶楽部,410-3217 静岡県伊豆市大平柿木１１９０−１,https://www.google.com/search?q=フジ天城ゴルフ倶楽部,34.94783779999999,138.9136657
GC1627,藤枝ゴルフクラブ,426-0076 静岡県藤枝市内瀬戸１１９３,https://www.google.com/search?q=藤枝ゴルフクラブ,34.8566227,138.2167304
GC1628,富士エースゴルフ倶楽部,411-0931 静岡県駿東郡長泉町東野６５５−１,https://www.google.com/search?q=富士エースゴルフ倶楽部,35.1879011,138.8440488
GC1629,富士小山ゴルフクラブ,410-1308 静岡県駿東郡小山町大御神８９４−１,https://www.google.com/search?q=富士小山ゴルフクラブ,35.3622892,138.9049874
GC1630,富士カントリークラブ,412-0024 静岡県御殿場市東山２４７２,https://www.google.com/search?q=富士カントリークラブ,35.2967224,138.9671173
GC1631,富士チサンカントリークラブ,419-0313 静岡県富士宮市西山２６６２,https://www.google.com/search?q=富士チサンカントリークラブ,35.2332448,138.5804589
GC1632,富士宮ゴルフクラブ,418-0039 静岡県富士宮市野中１１２７−１,https://www.google.com/search?q=富士宮ゴルフクラブ,35.211102,138.601431
GC1633,富士平原ゴルフクラブ,412-0001 静岡県御殿場市水土野３００−１,https://www.google.com/search?q=富士平原ゴルフクラブ,35.3442638,138.888514
GC1634,富士見ヶ丘カントリー倶楽部,424-0301 静岡県静岡市清水区宍原１４５６−２,https://www.google.com/search?q=富士見ヶ丘カントリー倶楽部,35.1642224,138.521837
GC1635,ベルビュー長尾ゴルフ倶楽部,412-0033 静岡県御殿場市神山１９１８,https://www.google.com/search?q=ベルビュー長尾ゴルフ倶楽部,35.2585066,138.965014
GC1636,ホロンゴルフ倶楽部,439-0008 静岡県菊川市友田１０２８−１０,https://www.google.com/search?q=ホロンゴルフ倶楽部,34.792018,138.118217
GC1637,三木の里カントリークラブ,437-0226 静岡県周智郡森町一宮７９９,https://www.google.com/search?q=三木の里カントリークラブ,34.8358288,137.886911
GC1638,三島カントリークラブ,411-0044 静岡県三島市徳倉１１９５,https://www.google.com/search?q=三島カントリークラブ,35.1608543,138.9481452
GC1639,リバー富士カントリークラブ,421-3301 静岡県富士市北松野４２２２−１０,https://www.google.com/search?q=リバー富士カントリークラブ,35.1826928,138.5707699
GC1640,レイク浜松カントリークラブ,431-2534 静岡県浜松市浜名区引佐町四方浄１−１,https://www.google.com/search?q=レイク浜松カントリークラブ,34.8873252,137.6708221
GC1641,レンブラントゴルフ倶楽部御殿場,412-0033 静岡県御殿場市神山１９２２−１,https://www.google.com/search?q=レンブラントゴルフ倶楽部御殿場,35.2357292,138.9501221
GC1642,愛知カンツリー倶楽部,465-0067 愛知県名古屋市名東区猪高町大字高針山ノ中２０−１ 42X5+24,https://www.google.com/search?q=愛知カンツリー倶楽部,35.1464195,137.0086212
GC1643,葵カントリークラブ,444-0103 愛知県額田郡幸田町大字大草小沢３７−１,https://www.google.com/search?q=葵カントリークラブ,34.8822147,137.1861698
GC1644,秋葉ゴルフ倶楽部,441-1611 愛知県新城市七郷一色桐久保35,https://www.google.com/search?q=秋葉ゴルフ倶楽部,34.957258,137.662995
GC1645,稲武カントリークラブ,441-2515 愛知県豊田市夏焼町クダリヤマ−４９５−９,https://www.google.com/search?q=稲武カントリークラブ,35.2405123,137.5246988
GC1646,伊良湖シーサイドゴルフ倶楽部,441-3624 愛知県田原市伊良湖町宮下２８２２−２,https://www.google.com/search?q=伊良湖シーサイドゴルフ倶楽部,34.589839,137.028453
GC1647,岡崎カントリー倶楽部,444-3501 愛知県岡崎市池金町町下北山２−３９,https://www.google.com/search?q=岡崎カントリー倶楽部,34.9259453,137.252655
GC1648,小原カントリークラブ,470-0511 愛知県豊田市大ケ蔵連町７１０,https://www.google.com/search?q=小原カントリークラブ,35.2841173,137.2935387
GC1649,オールドレイクゴルフ倶楽部,480-0302 愛知県春日井市西尾町 字白川９８６番地の１,https://www.google.com/search?q=オールドレイクゴルフ倶楽部,35.3243676,137.0476412
GC1650,春日井カントリークラブ,480-0302 愛知県春日井市西尾町１０７１,https://www.google.com/search?q=春日井カントリークラブ,35.3283505,137.0340136
GC1651,キャッスルヒルカントリークラブ,441-1203 愛知県豊川市足山田町奥滝場２０−２,https://www.google.com/search?q=キャッスルヒルカントリークラブ,34.86808,137.398055
GC1652,三甲京和カントリー倶楽部,444-2517 愛知県豊田市中立町京和カントリー倶楽部,https://www.google.com/search?q=三甲京和カントリー倶楽部,35.1596934,137.2981177
GC1653,さなげカントリークラブ,470-0344 愛知県豊田市保見町小黒実８８,https://www.google.com/search?q=さなげカントリークラブ,35.1295919,137.1233245
GC1654,ザ･トラディションゴルフクラブ,444-3165 愛知県岡崎市岩中町１,https://www.google.com/search?q=ザ･トラディションゴルフクラブ,34.9855465,137.2556241
GC1655,品野台カントリークラブ,480-1214 愛知県瀬戸市上品野町１３５０,https://www.google.com/search?q=品野台カントリークラブ,35.2666197,137.1367455
GC1656,新城カントリー倶楽部,441-1338 愛知県新城市一鍬田赤座ケ入１−１,https://www.google.com/search?q=新城カントリー倶楽部,34.8589225,137.4868569
GC1657,新南愛知カントリークラブ美浜コース,470-3235 愛知県知多郡美浜町野間内扇４３,https://www.google.com/search?q=新南愛知カントリークラブ美浜コース,34.7620231,136.8649688
GC1658,セントクリークゴルフクラブ,444-2527 愛知県 豊田市月原町黒木1-1,https://www.google.com/search?q=セントクリークゴルフクラブ,,
GC1659,知多カントリー倶楽部,470-2531 愛知県知多郡武豊町冨貴久原１−１１１,https://www.google.com/search?q=知多カントリー倶楽部,34.8167384,136.8936032
GC1660,貞宝カントリークラブ,471-0059 愛知県豊田市貞宝町貞宝８,https://www.google.com/search?q=貞宝カントリークラブ,35.1069793,137.1338653
GC1661,東海カントリークラブ,442-0863 愛知県豊川市平尾町糠川１１−３１,https://www.google.com/search?q=東海カントリークラブ,34.8478591,137.3287567
GC1662,豊田カントリー倶楽部,471-0003 愛知県豊田市岩滝町コンジ−５９３−１,https://www.google.com/search?q=豊田カントリー倶楽部,35.0951709,137.2107065
GC1663,名倉カントリークラブ,441-2432 愛知県北設楽郡設楽町東納庫丸根,https://www.google.com/search?q=名倉カントリークラブ,35.148965,137.528551
GC1664,名古屋グリーンカントリークラブ,470-0424 愛知県豊田市御作町釜土１１８８−１,https://www.google.com/search?q=名古屋グリーンカントリークラブ,35.179655,137.230656
GC1665,名古屋ゴルフ倶楽部,470-0153 愛知県愛知郡東郷町和合ドンドロ−３５−１,https://www.google.com/search?q=名古屋ゴルフ倶楽部,35.110313,137.032715
GC1666,鳴海カントリークラブ,458-0801 愛知県名古屋市緑区鳴海町横吹５１,https://www.google.com/search?q=鳴海カントリークラブ,35.0813407,137.0010223
GC1667,南山カントリークラブ,470-0312 愛知県豊田市中金町獅子ケ谷９５５,https://www.google.com/search?q=南山カントリークラブ,35.1304908,137.2439147
GC1668,西尾ゴルフクラブ,444-0402 愛知県西尾市一色町大塚河田28,https://www.google.com/search?q=西尾ゴルフクラブ,34.8122887,137.0489831
GC1669,額田ゴルフ倶楽部,444-3444 愛知県岡崎市南大須町桃ノ沢４１,https://www.google.com/search?q=額田ゴルフ倶楽部,34.9621626,137.3116091
GC1670,パインズゴルフクラブ,470-0571 愛知県豊田市松名町太田４７８,https://www.google.com/search?q=パインズゴルフクラブ,35.24386,137.3180129
GC1671,東名古屋カントリークラブ,470-0352 愛知県豊田市篠原町大沢３,https://www.google.com/search?q=東名古屋カントリークラブ,35.1652641,137.1345037
GC1672,平尾カントリークラブ,442-0863 愛知県豊川市平尾町木崩６１−２７,https://www.google.com/search?q=平尾カントリークラブ,34.8692223,137.3486013
GC1673,三河カントリークラブ,441-1352 愛知県新城市豊栄１−１６,https://www.google.com/search?q=三河カントリークラブ,34.9061389,137.4673071
GC1674,緑ケ丘カンツリークラブ,463-0004 愛知県名古屋市守山区吉根長廻間３２４１−４３ 緑ケ丘ＣＣ,https://www.google.com/search?q=緑ケ丘カンツリークラブ,35.2224933,136.9928123
GC1675,三好カントリー倶楽部,470-0201 愛知県みよし市黒笹町三ヶ峯１２７１,https://www.google.com/search?q=三好カントリー倶楽部,35.1429642,137.0972749
GC1676,伊勢カントリークラブ,519-0401 三重県度会郡玉城町世古１３６２,https://www.google.com/search?q=伊勢カントリークラブ,34.5161705,136.6177368
GC1677,伊勢中川カントリークラブ,515-2523 三重県津市一志町井生１７４３−２ 駐車場,https://www.google.com/search?q=伊勢中川カントリークラブ,34.6407128,136.3793928
GC1678,一志ゴルフ倶楽部,515-2524 三重県津市一志町大仰２９６１,https://www.google.com/search?q=一志ゴルフ倶楽部,34.653092,136.3934038
GC1679,霞ゴルフクラブ,514-2211 三重県津市芸濃町椋本４７６６,https://www.google.com/search?q=霞ゴルフクラブ,34.8200106,136.4376299
GC1680,京ヶ野ゴルフ倶楽部,511-0401 三重県いなべ市北勢町川原３８４３,https://www.google.com/search?q=京ヶ野ゴルフ倶楽部,35.207673,136.5076538
GC1681,近鉄賢島カンツリークラブ,517-0501 三重県志摩市阿児町鵜方３６２０−５,https://www.google.com/search?q=近鉄賢島カンツリークラブ,34.31948089999999,136.8072357
GC1682,桑名カントリー倶楽部,511-0941 三重県桑名市嘉例川８６１,https://www.google.com/search?q=桑名カントリー倶楽部,35.093525,136.6271837
GC1683,桑名国際ゴルフ倶楽部,511-0244 三重県員弁郡東員町大木２９２９,https://www.google.com/search?q=桑名国際ゴルフ倶楽部,35.1057587,136.5879189
GC1684,グリーンハイランドカントリー倶楽部,518-0606 三重県名張市薦生 大峯１１１６−３,https://www.google.com/search?q=グリーンハイランドカントリー倶楽部,34.644909,136.071182
GC1685,グレイスヒルズカントリー倶楽部,512-1211 三重県四日市市桜町池之谷２２３０,https://www.google.com/search?q=グレイスヒルズカントリー倶楽部,34.9966023,136.5209259
GC1686,COCOPA RESORT CLUB 白山ヴィレッジゴルフコース,住所検索中,https://www.google.com/search?q=COCOPA RESORT CLUB 白山ヴィレッジゴルフコース,,
GC1687,COCOPA RESORT CLUB 三重白山ゴルフコース,515-2603 三重県津市白山町川口４９０７,https://www.google.com/search?q=COCOPA RESORT CLUB 三重白山ゴルフコース,34.6325723,136.3415766
GC1688,榊原温泉ゴルフ倶楽部,514-1251 三重県津市榊原町１６２２ 榊原温泉ゴルフ倶楽部,https://www.google.com/search?q=榊原温泉ゴルフ倶楽部,34.7161457,136.3722188
GC1689,榊原ゴルフ倶楽部,515-2601 三重県津市白山町三ヶ野１３３５,https://www.google.com/search?q=榊原ゴルフ倶楽部,34.6639397,136.3861254
GC1690,島ヶ原カントリークラブ,519-1711 三重県伊賀市島ヶ原８３００,https://www.google.com/search?q=島ヶ原カントリークラブ,34.7550536,136.0493017
GC1691,ジャパンクラシックカントリー倶楽部,518-1326 三重県伊賀市槙山下田１７−１,https://www.google.com/search?q=ジャパンクラシックカントリー倶楽部,34.8584785,136.1572651
GC1692,鈴鹿カンツリークラブ,514-2201 三重県津市芸濃町楠原２４１７−１,https://www.google.com/search?q=鈴鹿カンツリークラブ,34.8323477,136.3978525
GC1693,セントレイクスゴルフ倶楽部,518-0125 三重県伊賀市上郡大峯１３３８,https://www.google.com/search?q=セントレイクスゴルフ倶楽部,34.6974238,136.1414694
GC1694,双鈴ゴルフクラブ関コース,519-1121 三重県亀山市加太神武２９８５−２,https://www.google.com/search?q=双鈴ゴルフクラブ関コース,34.831912,136.326995
GC1695,中日カントリークラブ,519-0272 三重県鈴鹿市東庄内町１４４７,https://www.google.com/search?q=中日カントリークラブ,34.907344,136.456347
GC1696,名張カントリークラブ,518-0613 三重県名張市上小波田１３９３,https://www.google.com/search?q=名張カントリークラブ,34.6368603,136.1406941
GC1697,西日本セブンスリーゴルフクラブ,515-2301 三重県松阪市嬉野島田町１２４２−１,https://www.google.com/search?q=西日本セブンスリーゴルフクラブ,34.6298981,136.4307811
GC1698,フォレスト芸濃ゴルフクラブ,514-2202 三重県津市芸濃町林２２４５,https://www.google.com/search?q=フォレスト芸濃ゴルフクラブ,34.8424289,136.423209
GC1699,藤原ゴルフクラブ,511-0502 三重県いなべ市藤原町上相場６４０−７,https://www.google.com/search?q=藤原ゴルフクラブ,35.203537,136.504256
GC1700,松阪カントリークラブ,519-2142 三重県松阪市下村町２１６０,https://www.google.com/search?q=松阪カントリークラブ,34.5332014,136.5480358
GC1701,三重カンツリークラブ,510-1252 三重県三重郡菰野町音羽７１９０,https://www.google.com/search?q=三重カンツリークラブ,35.0251234,136.4819512
GC1702,三鈴カントリー倶楽部,519-0324 三重県鈴鹿市小社町７６７,https://www.google.com/search?q=三鈴カントリー倶楽部,34.9408141,136.4608063
GC1703,名松・ゴルフクラブ,515-2522 三重県津市一志町波瀬５９９２−２,https://www.google.com/search?q=名松・ゴルフクラブ,34.6216381,136.3705244
GC1704,名阪チサンカントリークラブ,518-1312 三重県伊賀市田中１０２９,https://www.google.com/search?q=名阪チサンカントリークラブ,34.8285686,136.1914589
GC1705,名阪ロイヤルゴルフクラブ,519-1426 三重県伊賀市西之澤１５９８,https://www.google.com/search?q=名阪ロイヤルゴルフクラブ,34.7982661,136.1810455
GC1706,名四カントリークラブ,512-0906 三重県四日市市山之一色町１７６０,https://www.google.com/search?q=名四カントリークラブ,35.0106697,136.5920257
GC1707,メナードカントリークラブ青山コース,518-0215 三重県伊賀市霧生２３５６,https://www.google.com/search?q=メナードカントリークラブ青山コース,34.5868107,136.2506547
GC1708,四日市カンツリー倶楽部,512-8048 三重県四日市市山城町６４０,https://www.google.com/search?q=四日市カンツリー倶楽部,35.025749,136.585559
GC1709,四日市の里ゴルフクラブ,512-1101 三重県四日市市内山町８２７９,https://www.google.com/search?q=四日市の里ゴルフクラブ,34.9652895,136.5463398
GC1710,ライオンズゴルフ倶楽部,519-0222 三重県亀山市両尾町603番地,https://www.google.com/search?q=ライオンズゴルフ倶楽部,34.90496,136.415281
GC1711,リオフジワラカントリークラブ,511-0522 三重県いなべ市藤原町篠立３１１１,https://www.google.com/search?q=リオフジワラカントリークラブ,35.214415,136.4675391
GC1712,ルート25ゴルフクラブ,519-1413 三重県伊賀市愛田２２８０,https://www.google.com/search?q=ルート25ゴルフクラブ,34.8087902,136.2382964
GC1713,鈴峰ゴルフ倶楽部,519-0323 三重県鈴鹿市伊船町１５１−４,https://www.google.com/search?q=鈴峰ゴルフ倶楽部,34.9242401,136.4721374
GC1714,六石ゴルフ倶楽部,511-0428 三重県いなべ市北勢町北勢町阿下喜３１−３２９０,https://www.google.com/search?q=六石ゴルフ倶楽部,35.158485,136.539724
GC1715,ローモンドカントリー倶楽部,519-0222 三重県亀山市両尾町２５７０−３,https://www.google.com/search?q=ローモンドカントリー倶楽部,34.9131088,136.4414687
GC1716,皇子山カントリークラブ,520-0038 滋賀県大津市山上町７９０,https://www.google.com/search?q=皇子山カントリークラブ,35.0217537,135.8411221
GC1717,近江カントリー倶楽部,520-3242 滋賀県湖南市菩提寺 1410,https://www.google.com/search?q=近江カントリー倶楽部,35.035224,136.07363
GC1718,近江ヒルズゴルフ倶楽部,529-1631 滋賀県蒲生郡日野町鎌掛１−３１４,https://www.google.com/search?q=近江ヒルズゴルフ倶楽部,34.9895491,136.2778452
GC1720,大津カントリークラブ東コース,520-2262 滋賀県大津市大石淀町８００,https://www.google.com/search?q=大津カントリークラブ東コース,34.9022632,135.8923545
GC1721,オレンジシガカントリークラブ,529-1801 滋賀県甲賀市信楽町宮町１０００ 駐車場,https://www.google.com/search?q=オレンジシガカントリークラブ,34.9449574,136.0957351
GC1722,蒲生ゴルフ倶楽部,529-1658 滋賀県蒲生郡日野町中山７２４番地１,https://www.google.com/search?q=蒲生ゴルフ倶楽部,34.9985659,136.1988846
GC1723,京阪カントリー倶楽部,520-2261 滋賀県大津市大石曽束町５２５,https://www.google.com/search?q=京阪カントリー倶楽部,34.8941228,135.8822586
GC1724,甲賀カントリー倶楽部,520-3221 滋賀県湖南市三雲３３５４,https://www.google.com/search?q=甲賀カントリー倶楽部,34.961247,136.1099
GC1725,滋賀カントリー倶楽部,529-1841 滋賀県甲賀市信楽町上朝宮１２２４,https://www.google.com/search?q=滋賀カントリー倶楽部,34.8690865,136.0085244
GC1726,滋賀ゴルフ倶楽部,528-0004 滋賀県甲賀市水口町嶬峨１１１５−１,https://www.google.com/search?q=滋賀ゴルフ倶楽部,34.946667,136.196923
GC1727,信楽カントリー倶楽部杉山コース,529-1813 滋賀県甲賀市信楽町畑５５−１,https://www.google.com/search?q=信楽カントリー倶楽部杉山コース,34.8855532,136.018963
GC1728,双鈴ゴルフクラブ土山コース,528-0212 滋賀県甲賀市土山町南土山１１１８−７,https://www.google.com/search?q=双鈴ゴルフクラブ土山コース,34.9186973,136.2967529
GC1729,タラオカントリークラブ,529-1821 滋賀県甲賀市信楽町多羅尾１,https://www.google.com/search?q=タラオカントリークラブ,34.8141746,136.0815277
GC1730,大甲賀カントリークラブ油日コース,520-3413 滋賀県甲賀市甲賀町油日１６９５,https://www.google.com/search?q=大甲賀カントリークラブ油日コース,34.880784,136.257869
GC1731,大甲賀カントリークラブ神コース,520-3411 滋賀県甲賀市甲賀町神１９４０,https://www.google.com/search?q=大甲賀カントリークラブ神コース,34.90218340000001,136.2523604
GC1732,ダイヤモンド滋賀カントリークラブ,528-0208 滋賀県甲賀市土山町黒川１７１１,https://www.google.com/search?q=ダイヤモンド滋賀カントリークラブ,34.9281604,136.3380198
GC1733,彦根カントリー倶楽部,522-0004 滋賀県彦根市鳥居本町２９５８,https://www.google.com/search?q=彦根カントリー倶楽部,35.274723,136.2760956
GC1734,日野ゴルフ倶楽部,529-1611 滋賀県蒲生郡日野町杣１１４６−１,https://www.google.com/search?q=日野ゴルフ倶楽部,35.0529009,136.2726528
GC1735,比良ゴルフ倶楽部,520-0525 滋賀県大津市小野１６１１,https://www.google.com/search?q=比良ゴルフ倶楽部,35.1508189,135.909363
GC1736,琵琶湖カントリー倶楽部,520-3005 滋賀県栗東市御園５１３,https://www.google.com/search?q=琵琶湖カントリー倶楽部,35.0061416,136.0294966
GC1737,名神八日市カントリー倶楽部,529-1501 滋賀県東近江市石塔町９８３−１５０,https://www.google.com/search?q=名神八日市カントリー倶楽部,35.0764667,136.2101444
GC1738,名神栗東カントリー倶楽部,528-0233 滋賀県甲賀市土山町大野４９７０,https://www.google.com/search?q=名神栗東カントリー倶楽部,34.9575017,136.2612525
GC1739,名神竜王カントリー倶楽部,528-0065 滋賀県甲賀市水口町春日１６１６,https://www.google.com/search?q=名神竜王カントリー倶楽部,35.0300457,136.1645386
GC1740,メイプルヒルズゴルフ倶楽部,529-1814 滋賀県甲賀市信楽町田代６５,https://www.google.com/search?q=メイプルヒルズゴルフ倶楽部,34.8981441,136.0267976
GC1741,宇治カントリークラブ,611-0011 京都府宇治市五ケ庄広岡谷4,https://www.google.com/search?q=宇治カントリークラブ,34.918477,135.814885
GC1742,宇治田原カントリー倶楽部,610-0211 京都府綴喜郡宇治田原町奥山田長尾３１−２,https://www.google.com/search?q=宇治田原カントリー倶楽部,34.8775558,135.9124298
GC1743,亀岡ゴルフクラブ,621-0127 京都府亀岡市西別院町神地長尾２２,https://www.google.com/search?q=亀岡ゴルフクラブ,34.9554629,135.4925394
GC1744,亀岡カントリークラブ,621-0102 京都府亀岡市東別院町神原中田渕１４,https://www.google.com/search?q=亀岡カントリークラブ,34.991696,135.561502
GC1745,加茂カントリークラブ,619-1125 京都府木津川市加茂町高去花原7−番地,https://www.google.com/search?q=加茂カントリークラブ,34.739857,135.9042723
GC1746,関西カントリークラブ,621-0124 京都府亀岡市西別院町柚原東深谷９,https://www.google.com/search?q=関西カントリークラブ,34.955166,135.5144441
GC1747,京都ゴルフ倶楽部上賀茂コース,603-8047 京都府京都市北区上賀茂本山,https://www.google.com/search?q=京都ゴルフ倶楽部上賀茂コース,35.0666503,135.7571258
GC1748,協和ゴルフクラブ,619-1203 京都府相楽郡和束町湯船中の谷 １９９,https://www.google.com/search?q=協和ゴルフクラブ,34.8497163,135.9639442
GC1749,クラウンヒルズ京都ゴルフ倶楽部,629-0302 京都府南丹市日吉町保野田池ケ谷１,https://www.google.com/search?q=クラウンヒルズ京都ゴルフ倶楽部,35.1580814,135.4859734
GC1750,グランベール京都ゴルフ倶楽部,622-0202 京都府船井郡京丹波町実勢上ノ谷４−１,https://www.google.com/search?q=グランベール京都ゴルフ倶楽部,35.1771293,135.4578736
GC1751,城陽カントリー倶楽部,610-0121 京都府城陽市寺田奥山１−４６,https://www.google.com/search?q=城陽カントリー倶楽部,34.854009,135.8057094
GC1752,太閤坦カントリークラブ,622-0211 京都府船井郡京丹波町上野浜付場４１−６,https://www.google.com/search?q=太閤坦カントリークラブ,35.164323,135.448139
GC1753,月ヶ瀬カントリークラブ,619-1421 京都府相楽郡南山城村田山谷尾１１２−１０,https://www.google.com/search?q=月ヶ瀬カントリークラブ,34.7157796,136.0270421
GC1754,日清都カントリークラブ,611-0013 京都府宇治市莵道新池１,https://www.google.com/search?q=日清都カントリークラブ,34.9141128,135.8255819
GC1755,東城陽ゴルフ倶楽部,610-0121 京都府城陽市寺田奥山１−４８,https://www.google.com/search?q=東城陽ゴルフ倶楽部,34.85941,135.803977
GC1756,福知山カントリー倶楽部,620-0967 京都府福知山市畑中１９４,https://www.google.com/search?q=福知山カントリー倶楽部,35.291926,135.049595
GC1757,舞鶴カントリークラブ,625-0147 京都府舞鶴市栃尾細野924―1,https://www.google.com/search?q=舞鶴カントリークラブ,35.5253726,135.4491654
GC1758,美加ノ原カンツリークラブ,619-0211 京都府木津川市鹿背山梶ケ谷１−９,https://www.google.com/search?q=美加ノ原カンツリークラブ,34.7306895,135.8491124
GC1759,瑞穂ゴルフ倶楽部,622-0322 京都府船井郡京丹波町大朴皿引１,https://www.google.com/search?q=瑞穂ゴルフ倶楽部,35.1621292,135.3719098
GC1760,レイクフォレストリゾート,619-1412 京都府相楽郡南山城村大字南大河原小字 新林,https://www.google.com/search?q=レイクフォレストリゾート,34.749744,135.98772
GC1761,れいせんゴルフ倶楽部,621-0027 京都府亀岡市曽我部町犬飼大杉霊仙岳 大杉霊仙ヶ岳1,https://www.google.com/search?q=れいせんゴルフ倶楽部,34.9852333,135.5141906
GC1762,天野山カントリークラブ,590-0135 大阪府堺市南区別所１５４９−４６,https://www.google.com/search?q=天野山カントリークラブ,34.4363167,135.5189072
GC1763,アートレイクゴルフ倶楽部,563-0135 大阪府豊能郡能勢町野間西山９５−３,https://www.google.com/search?q=アートレイクゴルフ倶楽部,34.952953,135.439242
GC1764,PGM池田カントリークラブ,563-0021 大阪府池田市畑３丁目１１,https://www.google.com/search?q=PGM池田カントリークラブ,34.8446306,135.4487192
GC1765,泉ヶ丘カントリークラブ,590-0106 大阪府堺市南区豊田２９９０−２２６,https://www.google.com/search?q=泉ヶ丘カントリークラブ,34.4510761,135.5213768
GC1766,泉佐野カントリークラブ,598-0021 大阪府泉佐野市日根野５３２０,https://www.google.com/search?q=泉佐野カントリークラブ,34.355943,135.347089
GC1767,茨木高原カンツリー倶楽部,568-0097 大阪府茨木市泉原３４７,https://www.google.com/search?q=茨木高原カンツリー倶楽部,34.8841249,135.5004597
GC1768,茨木国際ゴルフ倶楽部,567-0051 大阪府茨木市宿久庄９８,https://www.google.com/search?q=茨木国際ゴルフ倶楽部,34.850503,135.535339
GC1769,大阪ゴルフクラブ,599-0303 大阪府泉南郡岬町深日３１,https://www.google.com/search?q=大阪ゴルフクラブ,34.3246568,135.1542098
GC1770,交野カントリー倶楽部,576-0001 大阪府交野市倉治２９３７,https://www.google.com/search?q=交野カントリー倶楽部,34.7852226,135.7118779
GC1771,関空クラシックゴルフ倶楽部,590-0522 大阪府泉南市信達牧野７８０,https://www.google.com/search?q=関空クラシックゴルフ倶楽部,34.3510274,135.2901399
GC1772,関西空港ゴルフ倶楽部,594-1143 大阪府和泉市若樫町８８２−５,https://www.google.com/search?q=関西空港ゴルフ倶楽部,34.4015021,135.4677857
GC1773,きさいちカントリークラブ,576-0004 大阪府交野市私市３００８−１ きさいちカントリークラブ,https://www.google.com/search?q=きさいちカントリークラブ,34.7577134,135.6981556
GC1774,岸和田カントリー倶楽部,596-0114 大阪府岸和田市大沢町２４８９−５,https://www.google.com/search?q=岸和田カントリー倶楽部,34.3988432,135.4438042
GC1775,グロワールゴルフ倶楽部,585-0041 大阪府南河内郡千早赤阪村水分１１７０,https://www.google.com/search?q=グロワールゴルフ倶楽部,34.4585338,135.6402976
GC1776,光丘カントリー倶楽部,584-0091 大阪府富田林市新堂２２５８−１,https://www.google.com/search?q=光丘カントリー倶楽部,34.5159825,135.5824625
GC1777,堺カントリークラブ,590-0106 大阪府堺市南区豊田２９８９−１６ 堺ＣＣ,https://www.google.com/search?q=堺カントリークラブ,34.4598967,135.5394997
GC1778,新大阪ゴルフクラブ,618-0003 大阪府三島郡島本町尺代１２８,https://www.google.com/search?q=新大阪ゴルフクラブ,34.8894634,135.6437857
GC1779,聖丘カントリー倶楽部,584-0091 大阪府富田林市新堂２３４５,https://www.google.com/search?q=聖丘カントリー倶楽部,34.5110332,135.5865241
GC1780,泉南カンツリークラブ,590-0503 大阪府泉南市新家４３６４,https://www.google.com/search?q=泉南カンツリークラブ,34.3687518,135.309915
GC1781,太子カントリー倶楽部,583-0994 大阪府南河内郡太子町葉室800番地,https://www.google.com/search?q=太子カントリー倶楽部,34.5035053,135.6532072
GC1782,高槻カントリー倶楽部,569-1002 大阪府高槻市大字田能中山２６−２６,https://www.google.com/search?q=高槻カントリー倶楽部,34.95284790000001,135.5932902
GC1783,阪奈カントリークラブ,574-0012 大阪府大東市龍間２６６−８,https://www.google.com/search?q=阪奈カントリークラブ,34.7032737,135.6669006
GC1784,枚方カントリー倶楽部,573-0111 大阪府枚方市杉北町１丁目４６２２,https://www.google.com/search?q=枚方カントリー倶楽部,34.8224184,135.7287116
GC1785,枚方国際ゴルフ倶楽部,573-0123 大阪府枚方市津田４５４６,https://www.google.com/search?q=枚方国際ゴルフ倶楽部,34.8054262,135.7159017
GC1786,伏尾ゴルフ倶楽部,563-0013 大阪府池田市中川原町１６−３,https://www.google.com/search?q=伏尾ゴルフ倶楽部,34.87047829999999,135.435111
GC1787,ベニーカントリー倶楽部,618-0004 大阪府三島郡島本町大沢９１−１,https://www.google.com/search?q=ベニーカントリー倶楽部,34.918085,135.6485759
GC1788,みさきカントリークラブ,599-0303 大阪府泉南郡岬町深日３２４７,https://www.google.com/search?q=みさきカントリークラブ,34.3077573,135.1402716
GC1789,箕面ゴルフ倶楽部,563-0021 大阪府池田市畑３丁目１１番地,https://www.google.com/search?q=箕面ゴルフ倶楽部,34.8499416,135.4564084
GC1790,青山ゴルフクラブ,671-2222 兵庫県姫路市青山１４６４,https://www.google.com/search?q=青山ゴルフクラブ,34.8429614,134.623013
GC1791,明石ゴルフ倶楽部,651-2231 兵庫県神戸市西区櫨谷町寺谷１２１７−５ 明石ＧＣ,https://www.google.com/search?q=明石ゴルフ倶楽部,34.7229743,135.0411859
GC1792,旭国際宝塚カンツリー倶楽部,669-1203 兵庫県宝塚市下佐曽利大谷４−１２,https://www.google.com/search?q=旭国際宝塚カンツリー倶楽部,34.9270747,135.3262844
GC1793,芦屋カンツリー倶楽部,659-0002 兵庫県芦屋市東灘区奥山１−２５,https://www.google.com/search?q=芦屋カンツリー倶楽部,34.7584915,135.2766381
GC1794,愛宕原ゴルフ倶楽部,665-0808 兵庫県宝塚市切畑長尾山５−３,https://www.google.com/search?q=愛宕原ゴルフ倶楽部,34.8383748,135.3914925
GC1795,有馬カンツリー倶楽部,669-1334 兵庫県三田市中内神南山８４１,https://www.google.com/search?q=有馬カンツリー倶楽部,34.904885,135.173724
GC1796,有馬冨士カンツリークラブ,669-1507 兵庫県三田市香下２００３,https://www.google.com/search?q=有馬冨士カンツリークラブ,34.9105339,135.2528991
GC1797,有馬ロイヤルゴルフクラブ,651-1616 兵庫県神戸市北区淡河町北畑５７１,https://www.google.com/search?q=有馬ロイヤルゴルフクラブ,34.8318492,135.1288251
GC1798,粟賀ゴルフ倶楽部,679-2434 兵庫県神崎郡神河町吉冨１８３３−６,https://www.google.com/search?q=粟賀ゴルフ倶楽部,35.0822048,134.7710344
GC1799,淡路カントリー倶楽部,656-1605 兵庫県淡路市生田田尻６２９,https://www.google.com/search?q=淡路カントリー倶楽部,34.487018,134.886206
GC1800,生野高原カントリークラブ,679-3331 兵庫県朝来市生野町栃原１７８４−２９,https://www.google.com/search?q=生野高原カントリークラブ,35.1711109,134.76063
GC1801,猪名川グリーンカントリークラブ,666-0237 兵庫県川辺郡猪名川町下阿古谷賀屋4−４,https://www.google.com/search?q=猪名川グリーンカントリークラブ,34.94343,135.372959
GC1802,猪名川国際カントリークラブ,666-0236 兵庫県川辺郡猪名川町北田原字釜ヶ谷１,https://www.google.com/search?q=猪名川国際カントリークラブ,34.92001070000001,135.3669517
GC1803,ウエストワンズカンツリー倶楽部,673-1472 兵庫県加東市上三草１１３６−６７,https://www.google.com/search?q=ウエストワンズカンツリー倶楽部,34.958919,134.998029
GC1804,ＡＢＣゴルフ倶楽部,673-1313 兵庫県加東市永福９３３−２０,https://www.google.com/search?q=ＡＢＣゴルフ倶楽部,34.9100189,135.1022323
GC1805,大岡ゴルフ倶楽部,669-5339 兵庫県豊岡市日高町大岡８８,https://www.google.com/search?q=大岡ゴルフ倶楽部,35.511424,134.713981
GC1806,小野グランドカントリークラブ,675-1304 兵庫県小野市中谷町１４１３,https://www.google.com/search?q=小野グランドカントリークラブ,34.8680114,135.0200002
GC1807,小野東洋ゴルフ倶楽部,675-1315 兵庫県小野市日吉町５７０−１,https://www.google.com/search?q=小野東洋ゴルフ倶楽部,34.8412111,134.9831501
GC1808,オリムピックゴルフ倶楽部,673-0701 兵庫県三木市細川町瑞穂１３６９−２,https://www.google.com/search?q=オリムピックゴルフ倶楽部,34.84204800000001,135.079972
GC1809,関西クラシックゴルフ倶楽部,673-1123 兵庫県三木市吉川町湯谷５６７,https://www.google.com/search?q=関西クラシックゴルフ倶楽部,34.8501889,135.1084515
GC1810,関西ゴルフ倶楽部,673-1114 兵庫県三木市吉川町吉安８７７−１,https://www.google.com/search?q=関西ゴルフ倶楽部,34.9043456,135.1465362
GC1811,神鍋高原カントリークラブ,669-5373 兵庫県豊岡市日高町東河内１２−３,https://www.google.com/search?q=神鍋高原カントリークラブ,35.5159157,134.6722462
GC1812,北六甲カントリー倶楽部,651-1522 兵庫県神戸市北区大沢町上大沢１９８２,https://www.google.com/search?q=北六甲カントリー倶楽部,34.836394,135.168855
GC1813,城崎カンツリークラブ,669-6203 兵庫県豊岡市瀬戸１１３７−１,https://www.google.com/search?q=城崎カンツリークラブ,35.657799,134.809705
GC1814,キングスロードゴルフクラブ,673-1103 兵庫県三木市吉川町前田４４７−１,https://www.google.com/search?q=キングスロードゴルフクラブ,34.923738,135.111818
GC1815,神戸パインウッズゴルフクラブ,651-1512 兵庫県神戸市北区長尾町上津４６１８ 神戸パインウッズＧＣ,https://www.google.com/search?q=神戸パインウッズゴルフクラブ,34.8814538,135.1678289
GC1816,ゴールデンバレーゴルフ倶楽部,677-0033 兵庫県西脇市鹿野町１３５３−９,https://www.google.com/search?q=ゴールデンバレーゴルフ倶楽部,34.978515,135.030083
GC1817,佐用スターリゾートゴルフ倶楽部,679-5346 兵庫県佐用郡佐用町横坂,https://www.google.com/search?q=佐用スターリゾートゴルフ倶楽部,35.0160619,134.3977171
GC1818,サングレートゴルフ倶楽部,669-1403 兵庫県三田市川原１０３５−１２,https://www.google.com/search?q=サングレートゴルフ倶楽部,34.988275,135.295371
GC1819,三甲ゴルフ倶楽部,673-1102 兵庫県三木市吉川町冨岡９３３−２７,https://www.google.com/search?q=三甲ゴルフ倶楽部,34.9166799,135.134037
GC1820,三田ゴルフクラブ,669-1513 兵庫県三田市三輪１２９４−１,https://www.google.com/search?q=三田ゴルフクラブ,34.902008,135.2333068
GC1821,三田レークサイドカントリークラブ,669-1349 兵庫県三田市大川瀬１４６１,https://www.google.com/search?q=三田レークサイドカントリークラブ,34.9470895,135.1114142
GC1822,サンロイヤルゴルフクラブ,673-1414 兵庫県加東市上久米１７６３−９０,https://www.google.com/search?q=サンロイヤルゴルフクラブ,34.9236111,135.03
GC1823,ザ・サイプレスゴルフクラブ,669-3622 兵庫県丹波市氷上町三原６０−１,https://www.google.com/search?q=ザ・サイプレスゴルフクラブ,35.1725005,134.9694027
GC1824,白鷺ゴルフクラブ,679-2113 兵庫県姫路市山田町南山田１２０,https://www.google.com/search?q=白鷺ゴルフクラブ,34.9114536,134.7899266
GC1825,城山ゴルフ倶楽部,675-0302 兵庫県加古川市志方町野尻８０８−１,https://www.google.com/search?q=城山ゴルフ倶楽部,34.848874,134.85187
GC1826,新宝塚カントリークラブ,669-1241 兵庫県宝塚市切畑検見１−２,https://www.google.com/search?q=新宝塚カントリークラブ,34.8710899,135.3266296
GC1827,神有カントリー倶楽部,651-1353 兵庫県神戸市北区八多町吉尾９９１−１,https://www.google.com/search?q=神有カントリー倶楽部,34.8256153,135.21449
GC1828,JOYXゴルフ倶楽部 上月コース,679-5644 兵庫県佐用郡佐用町上秋里１０６１−４,https://www.google.com/search?q=JOYXゴルフ倶楽部 上月コース,34.9576466,134.2963384
GC1829,洲本ゴルフ倶楽部,656-0042 兵庫県洲本市池内１２６２,https://www.google.com/search?q=洲本ゴルフ倶楽部,34.3203533,134.8667281
GC1830,千刈カンツリー倶楽部,669-1511 兵庫県三田市山田 大道ケ平605,https://www.google.com/search?q=千刈カンツリー倶楽部,34.8955859,135.2676625
GC1831,センチュリー三木ゴルフ倶楽部,673-0721 兵庫県三木市細川町高篠 梨の木 １５２,https://www.google.com/search?q=センチュリー三木ゴルフ倶楽部,34.8481872,135.0213261
GC1832,センチュリー吉川ゴルフ倶楽部,673-0711 兵庫県三木市細川町金屋 ５８７番地 ６４号,https://www.google.com/search?q=センチュリー吉川ゴルフ倶楽部,34.8371545,135.0212942
GC1833,タカガワオーセントゴルフ倶楽部,675-2462 兵庫県加西市別所町６８３−２４,https://www.google.com/search?q=タカガワオーセントゴルフ倶楽部,34.9560905,134.8773547
GC1834,高室池ゴルフ倶楽部,673-1472 兵庫県加東市上三草１１３２−２,https://www.google.com/search?q=高室池ゴルフ倶楽部,34.930634,135.004931
GC1835,宝塚クラシックゴルフ倶楽部,669-1241 兵庫県宝塚市切畑 桜小場１９番地,https://www.google.com/search?q=宝塚クラシックゴルフ倶楽部,34.8403454,135.3281882
GC1836,宝塚けやきヒルカントリークラブ,666-0161 兵庫県宝塚市切畑長尾山１９−１４,https://www.google.com/search?q=宝塚けやきヒルカントリークラブ,34.8474426,135.3797913
GC1837,宝塚高原ゴルフクラブ,669-1241 兵庫県宝塚市切畑長尾山１４−１４,https://www.google.com/search?q=宝塚高原ゴルフクラブ,34.8412757,135.3438731
GC1838,宝塚ゴルフ倶楽部,665-0023 兵庫県宝塚市蔵人深谷１３９１−１,https://www.google.com/search?q=宝塚ゴルフ倶楽部,34.7875391,135.3411555
GC1839,滝野カントリー倶楽部 迎賓館コース,673-1303 兵庫県加東市少分谷４６０−１１１,https://www.google.com/search?q=滝野カントリー倶楽部 迎賓館コース,34.9328878,135.1050933
GC1840,大神戸ゴルフ倶楽部,651-2232 兵庫県神戸市西区櫨谷町友清１５７ 大神戸ＧＣ,https://www.google.com/search?q=大神戸ゴルフ倶楽部,34.7109857,135.0604212
GC1841,大宝塚ゴルフクラブ,669-1241 兵庫県宝塚市切畑長尾山19,https://www.google.com/search?q=大宝塚ゴルフクラブ,34.8542983,135.3569772
GC1842,チェリーヒルズゴルフクラブ,673-0714 兵庫県三木市細川町細川中 中字道重 １２００−２３,https://www.google.com/search?q=チェリーヒルズゴルフクラブ,34.8152767,135.0281001
GC1843,千草カントリークラブ,671-3212 兵庫県宍粟市千種町鷹巣２４−２,https://www.google.com/search?q=千草カントリークラブ,35.13561240000001,134.4869689
GC1844,東海カントリー倶楽部,666-0103 兵庫県川西市国崎笹ヶ谷１,https://www.google.com/search?q=東海カントリー倶楽部,34.933403,135.4264526
GC1845,東条湖カントリー倶楽部,673-1412 兵庫県加東市廻渕北山31−５２,https://www.google.com/search?q=東条湖カントリー倶楽部,34.929718,135.0583221
GC1846,東条の森カントリークラブ大蔵コース,673-1325 兵庫県加東市大畑1071ー7 2,https://www.google.com/search?q=東条の森カントリークラブ大蔵コース,34.8657079,135.0448439
GC1847,西宮カントリー倶楽部,662-0811 兵庫県西宮市仁川町６丁目１９−７,https://www.google.com/search?q=西宮カントリー倶楽部,34.7838211,135.3217163
GC1848,西宮高原ゴルフ倶楽部,651-1423 兵庫県西宮市山口町船坂２０１３,https://www.google.com/search?q=西宮高原ゴルフ倶楽部,34.8129196,135.2800598
GC1849,西脇カントリークラブ,677-0039 兵庫県西脇市上比延町１４２４−２,https://www.google.com/search?q=西脇カントリークラブ,35.0097465,135.0208892
GC1850,能勢カントリー倶楽部,666-0117 兵庫県川西市東畦野長尾１−３,https://www.google.com/search?q=能勢カントリー倶楽部,34.884377,135.428145
GC1851,花屋敷ゴルフ倶楽部ひろのコース,673-1111 兵庫県三木市吉川町上荒川７１３−１ 三木市吉川町上荒川字松ヶ浦,https://www.google.com/search?q=花屋敷ゴルフ倶楽部ひろのコース,34.9161937,135.1497802
GC1852,播磨カントリークラブ,675-1325 兵庫県小野市樫山町１８８９−３１,https://www.google.com/search?q=播磨カントリークラブ,34.813025,134.9410972
GC1853,播州東洋ゴルフ倶楽部,675-2335 兵庫県加西市西横田町４５３−２,https://www.google.com/search?q=播州東洋ゴルフ倶楽部,34.9150794,134.822111
GC1854,パインレークゴルフクラブ,677-0033 兵庫県西脇市鹿野町１３５３−２,https://www.google.com/search?q=パインレークゴルフクラブ,34.9909947,135.0293253
GC1855,ひかみカントリークラブ,669-3571 兵庫県丹波市氷上町新郷赤井92−１,https://www.google.com/search?q=ひかみカントリークラブ,35.156013,135.010743
GC1856,雲雀丘ゴルフ倶楽部,665-0804 兵庫県宝塚市雲雀丘山手２丁目１０−１１,https://www.google.com/search?q=雲雀丘ゴルフ倶楽部,34.8315463,135.3967617
GC1857,兵庫カンツリー倶楽部,651-1252 兵庫県神戸市北区山田町原野 鹿見山109番地,https://www.google.com/search?q=兵庫カンツリー倶楽部,34.7840612,135.1625853
GC1858,富士小野ゴルフクラブ,675-1314 兵庫県小野市長尾町８３５−１５,https://www.google.com/search?q=富士小野ゴルフクラブ,34.848047,134.987133
GC1859,ベル・グリーンカントリークラブ,669-2511 兵庫県丹波篠山市本明谷 奥山 ６５,https://www.google.com/search?q=ベル・グリーンカントリークラブ,35.0911788,135.3542022
GC1860,鳳鳴カントリークラブ,669-2612 兵庫県丹波篠山市立金５５−２,https://www.google.com/search?q=鳳鳴カントリークラブ,35.09469350000001,135.3831079
GC1861,三木ゴルフ倶楽部,673-0703 兵庫県三木市細川町垂穂槙山垂穂８９４−８２７,https://www.google.com/search?q=三木ゴルフ倶楽部,34.813123,135.04385
GC1862,三木セブンハンドレッド倶楽部,673-0513 兵庫県三木市志染町大谷２１７,https://www.google.com/search?q=三木セブンハンドレッド倶楽部,34.806901,135.053269
GC1863,三木よかわカントリークラブ,673-0753 兵庫県三木市口吉川町槇 長尾谷 ４８７ ６８,https://www.google.com/search?q=三木よかわカントリークラブ,34.8480697,135.0856955
GC1864,美奈木ゴルフ倶楽部,673-0755 兵庫県三木市口吉川町大島１１８７−３,https://www.google.com/search?q=美奈木ゴルフ倶楽部,34.8692197,135.0671166
GC1865,妙見富士カントリークラブ,679-1103 兵庫県多可郡多可町中区牧野８１７−１,https://www.google.com/search?q=妙見富士カントリークラブ,35.0826336,134.9249785
GC1866,やしろ東条ゴルフクラブ,673-1332 兵庫県加東市栄枝４０５ 字ヨリフジ ４０５,https://www.google.com/search?q=やしろ東条ゴルフクラブ,34.9041778,135.0243765
GC1867,山の原ゴルフクラブ,666-0154 兵庫県川西市山の原字下恋里１２,https://www.google.com/search?q=山の原ゴルフクラブ,34.8977201,135.3922031
GC1868,吉川カントリー倶楽部,673-1121 兵庫県三木市吉川町米田７０１−３,https://www.google.com/search?q=吉川カントリー倶楽部,34.8706778,135.1317554
GC1869,吉川ロイヤルゴルフクラブ,673-1402 兵庫県加東市平木１３１０−１,https://www.google.com/search?q=吉川ロイヤルゴルフクラブ,34.959413,135.085215
GC1870,よみうりカントリークラブ,669-1141 兵庫県西宮市塩瀬町名塩 北山,https://www.google.com/search?q=よみうりカントリークラブ,34.8444563,135.2943253
GC1871,ライオンズカントリー倶楽部,673-1101 兵庫県三木市吉川町新田６８２−１,https://www.google.com/search?q=ライオンズカントリー倶楽部,34.925855,135.142444
GC1872,六甲カントリー倶楽部,651-1422 兵庫県西宮市山口町金仙寺１６５５−１,https://www.google.com/search?q=六甲カントリー倶楽部,34.8164984,135.2545861
GC1873,六甲国際ゴルフ倶楽部,651-1263 兵庫県神戸市北区山田町西下１５−１６−１,https://www.google.com/search?q=六甲国際ゴルフ倶楽部,34.7575519,135.1018535
GC1874,ロータリーゴルフ倶楽部,651-1602 兵庫県神戸市北区淡河町南僧尾１６７９−１,https://www.google.com/search?q=ロータリーゴルフ倶楽部,34.8293199,135.0973605
GC1875,秋津原ゴルフクラブ,639-2255 奈良県御所市朝町１０７５,https://www.google.com/search?q=秋津原ゴルフクラブ,34.4325089,135.736677
GC1876,阿騎野ゴルフ倶楽部,633-2144 奈良県宇陀市大宇陀栗野１０３５−１,https://www.google.com/search?q=阿騎野ゴルフ倶楽部,34.453821,135.938469
GC1877,飛鳥カンツリー倶楽部,631-0072 奈良県奈良市二名７丁目１４４１,https://www.google.com/search?q=飛鳥カンツリー倶楽部,34.702709,135.717691
GC1878,宇陀カントリークラブ,633-2126 奈良県宇陀市大宇陀岩清水23番地,https://www.google.com/search?q=宇陀カントリークラブ,34.486592,135.9441981
GC1879,オークモントゴルフクラブ,630-2232 奈良県山辺郡山添村岩屋３３１６,https://www.google.com/search?q=オークモントゴルフクラブ,34.625843,136.0677331
GC1880,春日台カントリークラブ,632-0122 奈良県天理市福住町７４５３,https://www.google.com/search?q=春日台カントリークラブ,34.5998001,135.9275054
GC1881,木津川カントリー倶楽部,630-1102 奈良県奈良市下狭川町１８２４,https://www.google.com/search?q=木津川カントリー倶楽部,,
GC1882,グランデージゴルフ倶楽部,639-3323 奈良県吉野郡吉野町色生８１０−１,https://www.google.com/search?q=グランデージゴルフ倶楽部,34.4051246,135.9168162
GC1883,KOMAカントリークラブ,630-2301 奈良県奈良市月ヶ瀬石打１４５６,https://www.google.com/search?q=KOMAカントリークラブ,34.7337726,136.0501816
GC1884,新奈良ゴルフ倶楽部,630-1122 奈良県奈良市平清水町８５,https://www.google.com/search?q=新奈良ゴルフ倶楽部,34.6961563,135.8948429
GC1885,天理ゴルフ倶楽部,633-0101 奈良県天理市苣原町７９３,https://www.google.com/search?q=天理ゴルフ倶楽部,34.589008,135.913918
GC1886,ディアーパークゴルフクラブ,630-2178 奈良県奈良市須山町９５,https://www.google.com/search?q=ディアーパークゴルフクラブ,34.672521,135.899347
GC1887,ナパラゴルフクラブ 一本松コース,632-0121 奈良県天理市山田町８８８,https://www.google.com/search?q=ナパラゴルフクラブ 一本松コース,34.61446600000001,135.933693
GC1888,奈良名阪ゴルフクラブ,632-0103 奈良県奈良市荻町７０９,https://www.google.com/search?q=奈良名阪ゴルフクラブ,34.64254409999999,135.9556877
GC1889,奈良国際ゴルフ倶楽部,631-0845 奈良県奈良市宝来５丁目１０−１,https://www.google.com/search?q=奈良国際ゴルフ倶楽部,34.6827101,135.7583921
GC1890,奈良の杜ゴルフクラブ,630-1244 奈良県奈良市忍辱山町１７３５,https://www.google.com/search?q=奈良の杜ゴルフクラブ,34.700831,135.913495
GC1891,奈良万葉カンツリー倶楽部,630-8435 奈良県奈良市八島町４７０,https://www.google.com/search?q=奈良万葉カンツリー倶楽部,34.6489131,135.8562237
GC1892,奈良柳生カントリークラブ,630-1242 奈良県奈良市大柳生町４８００ 駐車場,https://www.google.com/search?q=奈良柳生カントリークラブ,34.7177403,135.9253066
GC1893,奈良ロイヤルゴルフクラブ,638-0842 奈良県吉野郡大淀町大岩６６−１,https://www.google.com/search?q=奈良ロイヤルゴルフクラブ,34.4152982,135.766286
GC1894,奈良若草カントリー倶楽部,632-0101 奈良県奈良市下深川町８５０−６,https://www.google.com/search?q=奈良若草カントリー倶楽部,34.6443155,135.9748034
GC1895,花吉野カンツリー倶楽部,638-0841 奈良県吉野郡大淀町今木１００４−７１,https://www.google.com/search?q=花吉野カンツリー倶楽部,34.3980569,135.7651064
GC1896,法隆寺カントリー倶楽部,636-0101 奈良県生駒郡斑鳩町三井１０５２,https://www.google.com/search?q=法隆寺カントリー倶楽部,34.6278887,135.7344526
GC1897,万壽ゴルフクラブ,630-2234 奈良県山辺郡山添村切幡１４２４,https://www.google.com/search?q=万壽ゴルフクラブ,34.6372725,136.0200277
GC1898,八重桜カントリークラブ,632-0121 奈良県天理市山田町１２１１,https://www.google.com/search?q=八重桜カントリークラブ,34.619815,135.9442821
GC1899,ヤマトカントリークラブ,632-0122 奈良県天理市福住町１１２３ 駐車場,https://www.google.com/search?q=ヤマトカントリークラブ,34.6299108,135.9068375
GC1900,ガーランドゴルフ倶楽部,639-3127 奈良県吉野郡大淀町馬佐６３４,https://www.google.com/search?q=ガーランドゴルフ倶楽部,34.4032651,135.8123811
GC1901,小倉カントリー倶楽部,649-6263 和歌山県和歌山市下三毛８７９,https://www.google.com/search?q=小倉カントリー倶楽部,34.2403858,135.2996761
GC1902,海南高原カントリークラブ,642-0027 和歌山県有田郡有田川町上六川５４２,https://www.google.com/search?q=海南高原カントリークラブ,34.121119,135.25247
GC1903,紀伊高原ゴルフクラブ,649-7143 和歌山県伊都郡かつらぎ町神田１６６−６,https://www.google.com/search?q=紀伊高原ゴルフクラブ,34.2418894,135.5243929
GC1904,貴志川ゴルフ倶楽部,640-0403 和歌山県紀の川市貴志川町尼寺８９８,https://www.google.com/search?q=貴志川ゴルフ倶楽部,34.2342059,135.3053056
GC1905,紀南カントリークラブ,649-1536 和歌山県日高郡印南町南谷９２５,https://www.google.com/search?q=紀南カントリークラブ,33.8519444,135.2105556
GC1906,紀の国カントリー倶楽部,649-6112 和歌山県紀の川市桃山町調月２５０６,https://www.google.com/search?q=紀の国カントリー倶楽部,34.2006669,135.3468277
GC1907,サンリゾートカントリークラブ,640-1234 和歌山県海草郡紀美野町安井２９７,https://www.google.com/search?q=サンリゾートカントリークラブ,34.1491133,135.3415267
GC1908,白浜ゴルフ倶楽部,649-2211 和歌山県西牟婁郡白浜町２９２７−１,https://www.google.com/search?q=白浜ゴルフ倶楽部,33.67161,135.343515
GC1909,南紀白浜ゴルフ倶楽部,649-2104 和歌山県西牟婁郡上富田町岩崎７６８,https://www.google.com/search?q=南紀白浜ゴルフ倶楽部,33.6911584,135.4078889
GC1910,橋本カントリークラブ,648-0016 和歌山県橋本市隅田町１１２３,https://www.google.com/search?q=橋本カントリークラブ,34.34544330000001,135.6285368
GC1911,和歌山カントリー倶楽部,640-8452 和歌山県和歌山市梅原５８５,https://www.google.com/search?q=和歌山カントリー倶楽部,34.270132,135.136393
GC1912,旭国際浜村温泉ゴルフ倶楽部,689-0204 鳥取県鳥取市御熊５８６−１,https://www.google.com/search?q=旭国際浜村温泉ゴルフ倶楽部,35.488998,134.095614
GC1913,グリーンパーク大山ゴルフ倶楽部,683-0215 鳥取県西伯郡南部町荻名７５３,https://www.google.com/search?q=グリーンパーク大山ゴルフ倶楽部,35.3632117,133.4012058
GC1914,郡家ゴルフ倶楽部,680-0461 鳥取県八頭郡八頭町郡家,https://www.google.com/search?q=郡家ゴルフ倶楽部,35.4062755,134.2550086
GC1915,大山アークカントリークラブ,689-4246 鳥取県西伯郡伯耆町三部７７１−１,https://www.google.com/search?q=大山アークカントリークラブ,35.334754,133.418095
GC1916,大山ゴルフクラブ,689-4101 鳥取県西伯郡伯耆町小林６,https://www.google.com/search?q=大山ゴルフクラブ,35.3796299,133.4960553
GC1917,大山平原ゴルフクラブ,689-4108 鳥取県西伯郡伯耆町丸山１５３２,https://www.google.com/search?q=大山平原ゴルフクラブ,35.3955777,133.4717122
GC1918,鳥取カントリー倶楽部吉岡温泉コース,680-1434 鳥取県鳥取市洞谷８５６−１,https://www.google.com/search?q=鳥取カントリー倶楽部吉岡温泉コース,35.4693667,134.0977472
GC1919,いづも大社カントリークラブ,699-0816 島根県出雲市湖陵町大池１９４４,https://www.google.com/search?q=いづも大社カントリークラブ,35.297058,132.658628
GC1920,金城カントリークラブ,697-0302 島根県浜田市金城町今福１５０２−２,https://www.google.com/search?q=金城カントリークラブ,34.8791367,132.2119061
GC1921,出雲空港カントリー倶楽部,699-0501 島根県出雲市斐川町学頭３７３８−１,https://www.google.com/search?q=出雲空港カントリー倶楽部,35.3846915,132.8644301
GC1922,玉造温泉カントリークラブ,699-0403 島根県松江市宍道町西来待７９０,https://www.google.com/search?q=玉造温泉カントリークラブ,35.401535,132.9492187
GC1923,浜田ゴルフリンクス,697-0005 島根県浜田市上府町イ１１８８,https://www.google.com/search?q=浜田ゴルフリンクス,34.9386409,132.1378634
GC1924,赤坂レイクサイドカントリークラブ,701-2214 岡山県赤磐市東軽部１４８３−７,https://www.google.com/search?q=赤坂レイクサイドカントリークラブ,34.8111441,134.0309776
GC1925,井原ゴルフ倶楽部,715-0001 岡山県井原市野上町４３８−６,https://www.google.com/search?q=井原ゴルフ倶楽部,34.6222648,133.5169219
GC1926,岡山霞橋ゴルフ倶楽部,712-8001 岡山県倉敷市連島町西之浦西之浦 岡山霞橋ゴルフ倶楽部,https://www.google.com/search?q=岡山霞橋ゴルフ倶楽部,34.5563003,133.7032801
GC1927,岡山カントリークラブ桃の郷コース,701-1154 岡山県岡山市北区田益４８３−１,https://www.google.com/search?q=岡山カントリークラブ桃の郷コース,34.7166136,133.8926586
GC1928,岡山金陵カントリークラブ,701-1527 岡山県岡山市北区石妻８９０,https://www.google.com/search?q=岡山金陵カントリークラブ,34.775591,133.858414
GC1929,岡山国際ゴルフ倶楽部,719-1103 岡山県総社市西阿曽１８００,https://www.google.com/search?q=岡山国際ゴルフ倶楽部,34.7126145,133.7720571
GC1930,岡山ゴルフ倶楽部,710-0016 岡山県倉敷市中庄２７６９−２,https://www.google.com/search?q=岡山ゴルフ倶楽部,,
GC1931,長船カントリークラブ,701-4265 岡山県瀬戸内市長船町福岡４９−１,https://www.google.com/search?q=長船カントリークラブ,34.7086584,134.0920755
GC1932,笠岡カントリー倶楽部,714-0003 岡山県笠岡市尾坂字北山１３６１−３,https://www.google.com/search?q=笠岡カントリー倶楽部,34.5784585,133.5553845
GC1933,鬼ノ城ゴルフ倶楽部,719-1101 岡山県総社市奥坂６６６,https://www.google.com/search?q=鬼ノ城ゴルフ倶楽部,34.7305521,133.7872814
GC1934,吉備カントリークラブ,710-1203 岡山県総社市新本２８００−１,https://www.google.com/search?q=吉備カントリークラブ,34.65373990000001,133.645996
GC1935,倉敷カントリー倶楽部,701-0115 岡山県倉敷市二子１９４３,https://www.google.com/search?q=倉敷カントリー倶楽部,34.6438407,133.8001708
GC1936,後楽ゴルフ倶楽部,701-1602 岡山県岡山市北区真星２６１０,https://www.google.com/search?q=後楽ゴルフ倶楽部,34.79388429999999,133.8107233
GC1937,山陽ゴルフ倶楽部,701-2433 岡山県赤磐市平山４２８,https://www.google.com/search?q=山陽ゴルフ倶楽部,34.871706,134.036651
GC1938,瀬戸大橋カントリークラブ,706-0151 岡山県玉野市滝１６４０−１,https://www.google.com/search?q=瀬戸大橋カントリークラブ,34.4726971,133.8949517
GC1939,玉野ゴルフ倶楽部,706-0011 岡山県玉野市宇野６丁目１−１−１,https://www.google.com/search?q=玉野ゴルフ倶楽部,34.497851,133.927205
GC1940,日本原カンツリー倶楽部,709-4221 岡山県美作市瀬戸２７６−３,https://www.google.com/search?q=日本原カンツリー倶楽部,35.0556823,134.2343745
GC1941,湯郷石橋ゴルフ倶楽部,707-0061 岡山県美作市中山９１８,https://www.google.com/search?q=湯郷石橋ゴルフ倶楽部,35.0058988,134.1253551
GC1942,太田川ゴルフ倶楽部,731-0112 広島県広島市安佐南区東原１ー２２−１１,https://www.google.com/search?q=太田川ゴルフ倶楽部,,
GC1943,尾道うずしおカントリークラブ,722-0202 広島県尾道市原田町梶山田１０６９,https://www.google.com/search?q=尾道うずしおカントリークラブ,34.4684448,133.2055358
GC1944,尾道カントリークラブ宇根山コース,722-1122 広島県世羅郡世羅町小世良１０６９１−１５,https://www.google.com/search?q=尾道カントリークラブ宇根山コース,34.5549674,133.0788548
GC1945,賀茂カントリークラブ,739-2113 広島県東広島市高屋町高屋東４１０２,https://www.google.com/search?q=賀茂カントリークラブ,34.443489,132.8126983
GC1946,京覧カントリークラブ,723-0132 広島県三原市長谷町２９１,https://www.google.com/search?q=京覧カントリークラブ,34.4116667,133.0327778
GC1947,久井カントリークラブ,722-1414 広島県三原市久井町坂井原７５５,https://www.google.com/search?q=久井カントリークラブ,34.5022222,133.0519444
GC1948,呉カントリークラブ,737-2503 広島県呉市安浦町大字安登１１１６３−２,https://www.google.com/search?q=呉カントリークラブ,34.260391,132.7384925
GC1949,芸南カントリークラブ,738-0205 広島県廿日市市玖島２３５,https://www.google.com/search?q=芸南カントリークラブ,34.406642,132.280669
GC1950,郷原カントリークラブ,737-0161 広島県呉市郷原町４１２,https://www.google.com/search?q=郷原カントリークラブ,34.309713,132.619743
GC1951,庄原カントリークラブ,727-0014 広島県庄原市板橋町６００,https://www.google.com/search?q=庄原カントリークラブ,34.822955,133.01381
GC1952,新市クラシックゴルフクラブ,729-3101 広島県福山市新市町戸手３１０３−１,https://www.google.com/search?q=新市クラシックゴルフクラブ,34.5629335,133.2829746
GC1953,瀬野川カンツリー倶楽部,736-0089 広島県広島市安芸区畑賀町１５１０−９１,https://www.google.com/search?q=瀬野川カンツリー倶楽部,34.4179814,132.5619939
GC1954,竹原カントリークラブ,725-0011 広島県竹原市小梨町字堂平２０２２,https://www.google.com/search?q=竹原カントリークラブ,34.383147,132.920233
GC1955,東広島カントリークラブ,739-0262 広島県東広島市志和町志和東 阿原10671-29,https://www.google.com/search?q=東広島カントリークラブ,34.4811634,132.6607149
GC1956,広島安佐ゴルフクラブ,731-3354 広島県広島市安佐北区安佐町筒瀬 広島安佐ＧＣ,https://www.google.com/search?q=広島安佐ゴルフクラブ,34.488608,132.4644016
GC1957,広島カンツリー倶楽部西条コース,739-0023 広島県東広島市西条町下三永７３０−１０,https://www.google.com/search?q=広島カンツリー倶楽部西条コース,34.386568,132.773295
GC1958,広島ゴルフ倶楽部 鈴が峰コース,731-5100 広島県広島市佐伯区五日市町大字中地４１３ 広島ＧＣ鈴ヶ峰Ｃ,https://www.google.com/search?q=広島ゴルフ倶楽部 鈴が峰コース,34.3839434,132.3744634
GC1959,広島西カントリー倶楽部,739-0667 広島県廿日市市大野猪ノ打２３９２,https://www.google.com/search?q=広島西カントリー倶楽部,34.3160557,132.1743902
GC1960,福山カントリークラブ,720-2102 広島県福山市神辺町東中条４９８,https://www.google.com/search?q=福山カントリークラブ,34.5858417,133.3921458
GC1961,福山ゴルフ倶楽部,720-0004 広島県福山市御幸町中津原１２２５−１,https://www.google.com/search?q=福山ゴルフ倶楽部,34.5268517,133.3612273
GC1962,本郷カントリークラブ,729-0413 広島県三原市本郷町南方字松屋根1251-1,https://www.google.com/search?q=本郷カントリークラブ,34.3865811,132.9489769
GC1963,松永カントリークラブ,729-0112 広島県福山市神村町１３８８,https://www.google.com/search?q=松永カントリークラブ,34.4772222,133.2608333
GC1964,三原カンツリークラブ,723-0143 広島県三原市沼田東町釜山３４５−６,https://www.google.com/search?q=三原カンツリークラブ,34.3651083,133.0094336
GC1965,宮島カンツリー倶楽部,731-5143 広島県広島市佐伯区三宅町１０５０ 宮島ＣＣ,https://www.google.com/search?q=宮島カンツリー倶楽部,34.376463,132.33797
GC1966,宮島志和カンツリー倶楽部,739-0264 広島県東広島市志和町七条椛坂４８８−２,https://www.google.com/search?q=宮島志和カンツリー倶楽部,34.4669303,132.6470947
GC1967,リージャスクレストゴルフクラブ グランド,739-1804 広島県安芸高田市高宮町房後８５６,https://www.google.com/search?q=リージャスクレストゴルフクラブ グランド,34.7446157,132.7312978
GC1968,リージャスクレストゴルフクラブ ロイヤル,739-1804 広島県安芸高田市高宮町房後８１６,https://www.google.com/search?q=リージャスクレストゴルフクラブ ロイヤル,34.7475386,132.7444528
GC1969,岩国センチュリーゴルフクラブ,740-0044 山口県岩国市通津２４−７０,https://www.google.com/search?q=岩国センチュリーゴルフクラブ,34.066187,132.1784908
GC1970,宇部72カントリークラブ江畑池コース,754-1277 山口県山口市阿知須１２４２３−１,https://www.google.com/search?q=宇部72カントリークラブ江畑池コース,34.028505,131.3140743
GC1971,山陽国際ゴルフクラブ,757-0013 山口県山陽小野田市福田１−１,https://www.google.com/search?q=山陽国際ゴルフクラブ,34.054807,131.110166
GC1972,下関ゴルフ倶楽部,759-6312 山口県下関市豊浦町大字黒井８５０,https://www.google.com/search?q=下関ゴルフ倶楽部,34.137381,130.901146
GC1973,下関ゴールデンゴルフクラブ,750-1102 山口県下関市吉田地方１９０９−２,https://www.google.com/search?q=下関ゴールデンゴルフクラブ,34.111254,131.092607
GC1974,周南カントリー倶楽部,745-0631 山口県周南市安田３５５,https://www.google.com/search?q=周南カントリー倶楽部,34.0442686,131.9655142
GC1975,新山口カンツリー倶楽部,747-0023 山口県防府市多々良１丁目１５−１,https://www.google.com/search?q=新山口カンツリー倶楽部,34.0640035,131.5884414
GC1976,周防カントリークラブ,745-0125 山口県周南市長穂２３９３−６,https://www.google.com/search?q=周防カントリークラブ,34.1179909,131.820114
GC1977,朝陽カントリークラブ,757-0002 山口県山陽小野田市郡１６−３,https://www.google.com/search?q=朝陽カントリークラブ,34.0393409,131.1829528
GC1978,徳山カントリークラブ,745-0125 山口県周南市長穂１４１５,https://www.google.com/search?q=徳山カントリークラブ,34.144753,131.833952
GC1979,徳山国際カントリークラブ,746-0081 山口県周南市四熊１１９２,https://www.google.com/search?q=徳山国際カントリークラブ,34.1123488,131.7610068
GC1980,プレジデントカントリー倶楽部山陽,757-0003 山口県山陽小野田市山野井２０３９−１９,https://www.google.com/search?q=プレジデントカントリー倶楽部山陽,34.07096200000001,131.1395845
GC1981,柳井カントリー倶楽部,742-0111 山口県柳井市日積１２３７２−１,https://www.google.com/search?q=柳井カントリー倶楽部,34.0119679,132.1397269
GC1982,和木ゴルフ倶楽部,740-0062 山口県玖珂郡和木町瀬田 蜂ヶ峯４２４−３,https://www.google.com/search?q=和木ゴルフ倶楽部,,
GC1983,阿南カントリークラブ,779-1401 徳島県阿南市橘町江ノ浦８８,https://www.google.com/search?q=阿南カントリークラブ,33.8806455,134.6379681
GC1984,御所カントリークラブ,771-1311 徳島県板野郡上板町引野安楽寺谷９０−１０,https://www.google.com/search?q=御所カントリークラブ,34.134163,134.380379
GC1985,四国カントリークラブ,777-0005 徳島県美馬市穴吹町穴吹岡ノ上２００,https://www.google.com/search?q=四国カントリークラブ,34.0394401,134.1818145
GC1986,タカガワ西徳島ゴルフ倶楽部,771-1705 徳島県阿波市阿波町北山１０,https://www.google.com/search?q=タカガワ西徳島ゴルフ倶楽部,34.0885507,134.1934105
GC1987,タカガワ東徳島ゴルフ倶楽部,771-3201 徳島県名西郡神山町阿野歯ノ辻４９９,https://www.google.com/search?q=タカガワ東徳島ゴルフ倶楽部,34.0377778,134.4177778
GC1988,徳島カントリー倶楽部 月の宮コース,779-3133 徳島県徳島市入田町月ノ宮２２７,https://www.google.com/search?q=徳島カントリー倶楽部 月の宮コース,34.050687,134.443642
GC1989,鳴門カントリークラブ,771-0364 徳島県鳴門市瀬戸町北泊北泊５２９−１,https://www.google.com/search?q=鳴門カントリークラブ,34.2353861,134.5812584
GC1990,眉山カントリークラブ,770-0048 徳島県徳島市加茂名町東名東山９９,https://www.google.com/search?q=眉山カントリークラブ,34.054535,134.504187
GC1991,鮎滝カントリークラブ,761-1707 香川県高松市香川町東谷２５９−１,https://www.google.com/search?q=鮎滝カントリークラブ,34.210896,134.047253
GC1992,アルファ津田カントリークラブ,769-2323 香川県さぬき市寒川町神前６４７−１６,https://www.google.com/search?q=アルファ津田カントリークラブ,34.2858129,134.2295985
GC1993,エリエールゴルフクラブ,769-0402 香川県三豊市財田町財田中４９８０,https://www.google.com/search?q=エリエールゴルフクラブ,34.1012327,133.7545585
GC1994,琴平カントリークラブ,767-0022 香川県三豊市高瀬町羽方２８６２,https://www.google.com/search?q=琴平カントリークラブ,34.13598,133.736797
GC1995,坂出カントリークラブ,762-0024 香川県坂出市府中町４６２８−１,https://www.google.com/search?q=坂出カントリークラブ,34.2882308,133.9123687
GC1996,讃岐カントリークラブ,769-2104 香川県さぬき市鴨部 5186番乙11,https://www.google.com/search?q=讃岐カントリークラブ,,
GC1997,志度カントリークラブ,769-2103 香川県さぬき市小田２３１,https://www.google.com/search?q=志度カントリークラブ,34.340854,134.249936
GC1998,タカガワ新琴南ゴルフ倶楽部,766-0201 香川県仲多度郡まんのう町造田２２５９,https://www.google.com/search?q=タカガワ新琴南ゴルフ倶楽部,34.1532932,133.9283761
GC1999,高松カントリー倶楽部,762-0021 香川県坂出市西庄町1625―15,https://www.google.com/search?q=高松カントリー倶楽部,34.2958389,133.8861988
GC2000,ロイヤル高松カントリークラブ,761-2102 香川県綾歌郡綾川町千疋１８４８,https://www.google.com/search?q=ロイヤル高松カントリークラブ,34.2120742,133.9985615
GC2001,今治カントリー倶楽部,799-1607 愛媛県今治市朝倉上乙１１０３−１１,https://www.google.com/search?q=今治カントリー倶楽部,33.9667056,133.0299221
GC2002,宇和島カントリー倶楽部,798-1102 愛媛県宇和島市三間町則１９７０,https://www.google.com/search?q=宇和島カントリー倶楽部,,
GC2003,愛媛ゴルフ倶楽部,791-3341 愛媛県喜多郡内子町論田９５０,https://www.google.com/search?q=愛媛ゴルフ倶楽部,33.561921,132.648048
GC2004,大洲ゴルフ倶楽部,795-0006 愛媛県大洲市野佐来８７９,https://www.google.com/search?q=大洲ゴルフ倶楽部,33.476744,132.544912
GC2005,久万カントリークラブ,791-1204 愛媛県上浮穴郡久万高原町東明神乙３３３−１,https://www.google.com/search?q=久万カントリークラブ,33.687385,132.8868306
GC2006,西条ゴルフ倶楽部,793-0056 愛媛県西条市中野丙１４７−１,https://www.google.com/search?q=西条ゴルフ倶楽部,33.88928,133.185958
GC2007,タカガワ新伊予ゴルフ倶楽部,799-0723 愛媛県四国中央市土居町天満６６,https://www.google.com/search?q=タカガワ新伊予ゴルフ倶楽部,33.970855,133.4001547
GC2008,滝の宮カントリークラブ,792-0050 愛媛県新居浜市萩生１２９−１,https://www.google.com/search?q=滝の宮カントリークラブ,33.9411553,133.2678134
GC2009,チサンカントリークラブ北条,799-2403 愛媛県松山市萩原 小畑乙396-2,https://www.google.com/search?q=チサンカントリークラブ北条,33.9938333,132.8285978
GC2010,道後ゴルフ倶楽部,791-0112 愛媛県松山市下伊台町乙１１５,https://www.google.com/search?q=道後ゴルフ倶楽部,33.875397,132.786459
GC2011,新居浜カントリー倶楽部,792-0856 愛媛県新居浜市船木１０３２−１７,https://www.google.com/search?q=新居浜カントリー倶楽部,33.9312553,133.3528594
GC2012,北条カントリー倶楽部,799-2417 愛媛県松山市才之原乙７６−２,https://www.google.com/search?q=北条カントリー倶楽部,33.9664559,132.8244877
GC2013,松山国際ゴルフ倶楽部,791-0221 愛媛県東温市上村乙３４７,https://www.google.com/search?q=松山国際ゴルフ倶楽部,33.7610205,132.8622601
GC2014,松山ゴルフ倶楽部,791-0314 愛媛県東温市松瀬川乙997,https://www.google.com/search?q=松山ゴルフ倶楽部,33.803585,132.9298257
GC2015,松山シーサイドカントリークラブ,799-2311 愛媛県今治市菊間町西山１６２１,https://www.google.com/search?q=松山シーサイドカントリークラブ,34.0146207,132.8246032
GC2016,松山ロイヤルゴルフ倶楽部,791-3202 愛媛県伊予市中山町栗田乙１８−２,https://www.google.com/search?q=松山ロイヤルゴルフ倶楽部,33.6926062,132.7689113
GC2017,グリーンフィールゴルフ倶楽部,781-2163 高知県高岡郡日高村大花１０００,https://www.google.com/search?q=グリーンフィールゴルフ倶楽部,33.542042,133.33342
GC2018,Ｋｏｃｈｉ黒潮カントリークラブ,781-5703 高知県安芸郡芸西村西分甲５２０７,https://www.google.com/search?q=Ｋｏｃｈｉ黒潮カントリークラブ,33.5394183,133.7929821
GC2019,高知ゴルフ倶楽部,780-0002 高知県高知市重倉９４５ 945番地,https://www.google.com/search?q=高知ゴルフ倶楽部,33.6003344,133.5533904
GC2020,スカイヒルゴルフクラブ,786-0047 高知県高岡郡四万十町八千数３１０,https://www.google.com/search?q=スカイヒルゴルフクラブ,33.2078208,133.1735382
GC2021,土佐カントリークラブ,781-5622 高知県香南市夜須町手結山６６８,https://www.google.com/search?q=土佐カントリークラブ,33.5213358,133.7758196
GC2022,土佐山田ゴルフ倶楽部,782-0051 高知県香美市土佐山田町楠目３５９４−１,https://www.google.com/search?q=土佐山田ゴルフ倶楽部,33.625674,133.69268
GC2023,土佐ユートピアカントリークラブ,789-1911 高知県幡多郡黒潮町浮鞭３８７８,https://www.google.com/search?q=土佐ユートピアカントリークラブ,33.053845,133.03769
GC2024,錦山カントリークラブ,781-2151 高知県高岡郡日高村下分２３１１−１,https://www.google.com/search?q=錦山カントリークラブ,33.5477621,133.3641565
GC2025,パシフィックゴルフクラブ,783-0068 高知県南国市才谷７７８,https://www.google.com/search?q=パシフィックゴルフクラブ,33.626254,133.648626
GC2026,茜ゴルフクラブ,820-0712 福岡県飯塚市大分１９３１,https://www.google.com/search?q=茜ゴルフクラブ,33.5890264,130.6146076
GC2027,麻生飯塚ゴルフ倶楽部,820-0609 福岡県嘉穂郡桂川町吉隈１２０,https://www.google.com/search?q=麻生飯塚ゴルフ倶楽部,33.5943146,130.7011566
GC2028,有明カントリークラブ,836-0002 福岡県大牟田市岬１５２３,https://www.google.com/search?q=有明カントリークラブ,33.0727778,130.4438889
GC2029,伊都ゴルフ倶楽部,819-1147 福岡県糸島市香力４７４,https://www.google.com/search?q=伊都ゴルフ倶楽部,33.5185976,130.2135477
GC2030,小郡カンツリー倶楽部,838-0106 福岡県小郡市三沢１７８８,https://www.google.com/search?q=小郡カンツリー倶楽部,33.4262852,130.5416615
GC2031,かほゴルフクラブ,820-0105 福岡県飯塚市筒野５３４−１,https://www.google.com/search?q=かほゴルフクラブ,33.6071581,130.7551602
GC2032,九州ゴルフ倶楽部八幡コース,805-0036 福岡県北九州市八幡東区小熊野１４６７,https://www.google.com/search?q=九州ゴルフ倶楽部八幡コース,33.8419791,130.8388833
GC2033,久留米カントリークラブ,834-0105 福岡県八女郡広川町長延１２４３−１,https://www.google.com/search?q=久留米カントリークラブ,33.262795,130.564765
GC2034,芥屋ゴルフ倶楽部,819-1335 福岡県糸島市志摩芥屋１−１,https://www.google.com/search?q=芥屋ゴルフ倶楽部,33.5888209,130.1353191
GC2035,玄海ゴルフクラブ,811-3502 福岡県宗像市江口５７８−１８,https://www.google.com/search?q=玄海ゴルフクラブ,33.8524656,130.5172241
GC2036,古賀ゴルフ・クラブ,811-3105 福岡県古賀市鹿部１３１０−１,https://www.google.com/search?q=古賀ゴルフ・クラブ,33.72936809999999,130.4592451
GC2037,小倉カンツリー倶楽部,800-0243 福岡県北九州市小倉南区西貫２丁目１−１,https://www.google.com/search?q=小倉カンツリー倶楽部,33.8180847,130.9221343
GC2038,西戸崎シーサイドカントリークラブ,811-0321 福岡県福岡市東区西戸崎３１６,https://www.google.com/search?q=西戸崎シーサイドカントリークラブ,33.6587615,130.3366052
GC2039,ザ・クラシックゴルフ倶楽部,823-0017 福岡県宮若市倉久１−３,https://www.google.com/search?q=ザ・クラシックゴルフ倶楽部,33.7703817,130.6448961
GC2040,志摩シーサイドカンツリークラブ,819-1303 福岡県糸島市志摩野北５７５,https://www.google.com/search?q=志摩シーサイドカンツリークラブ,33.6253317,130.1749075
GC2041,セブンミリオンカントリークラブ,811-1112 福岡県福岡市早良区小笠木１０３−１,https://www.google.com/search?q=セブンミリオンカントリークラブ,33.48631659999999,130.3755645
GC2042,鷹羽ロイヤルカントリークラブ,824-0512 福岡県田川郡大任町大行事４３２０,https://www.google.com/search?q=鷹羽ロイヤルカントリークラブ,33.6048562,130.8466762
GC2043,大博多カントリー倶楽部,811-1232 福岡県那珂川市埋金5,https://www.google.com/search?q=大博多カントリー倶楽部,33.4528953,130.456362
GC2044,太宰府ゴルフ倶楽部,818-0100 福岡県太宰府市石穴３４６７−３９,https://www.google.com/search?q=太宰府ゴルフ倶楽部,33.5130424,130.5412292
GC2045,筑紫ヶ丘ゴルフクラブ,811-1241 福岡県那珂川市後野５７１,https://www.google.com/search?q=筑紫ヶ丘ゴルフクラブ,33.5043459,130.4053082
GC2046,筑紫野カントリークラブ,818-0003 福岡県筑紫野市山家２０１４−２２,https://www.google.com/search?q=筑紫野カントリークラブ,33.5039327,130.5814308
GC2047,西日本カントリークラブ,822-0011 福岡県直方市中泉１３５６−２ 池代１３５６−２,https://www.google.com/search?q=西日本カントリークラブ,33.7088348,130.7457237
GC2048,二丈カントリークラブ,819-1641 福岡県糸島市二丈吉井３３６２,https://www.google.com/search?q=二丈カントリークラブ,33.4933129,130.0633973
GC2049,久山カントリー倶楽部,811-2501 福岡県糟屋郡久山町久原３５４９,https://www.google.com/search?q=久山カントリー倶楽部,33.65003,130.5016146
GC2050,福岡カンツリー倶楽部,811-0216 福岡県福岡市東区上和白福岡ＣＣ,https://www.google.com/search?q=福岡カンツリー倶楽部,33.6856265,130.4392976
GC2051,福岡国際カントリークラブ,811-4161 福岡県宗像市朝町１４７０−１,https://www.google.com/search?q=福岡国際カントリークラブ,33.764083,130.585569
GC2052,福岡フェザントカントリークラブ,827-0001 福岡県田川郡川崎町安眞木１０８６−７,https://www.google.com/search?q=福岡フェザントカントリークラブ,33.5570584,130.8219371
GC2053,福岡レイクサイドカントリークラブ,820-0077 福岡県飯塚市椋本６１１−１９,https://www.google.com/search?q=福岡レイクサイドカントリークラブ,33.5981919,130.6591017
GC2054,ミッションバレーゴルフクラブ,820-1103 福岡県鞍手郡小竹町勝野１８７０−１,https://www.google.com/search?q=ミッションバレーゴルフクラブ,33.6989263,130.6968298
GC2055,門司ゴルフ倶楽部,800-0114 福岡県北九州市門司区吉志１７５,https://www.google.com/search?q=門司ゴルフ倶楽部,33.8634146,130.9528738
GC2056,夜須高原カントリークラブ,838-0206 福岡県朝倉郡筑前町曽根田１４１−２６,https://www.google.com/search?q=夜須高原カントリークラブ,33.5042258,130.6229394
GC2057,八女上陽ゴルフ倶楽部,834-1102 福岡県八女市上陽町北川内２９１４−１,https://www.google.com/search?q=八女上陽ゴルフ倶楽部,33.2364761,130.6502397
GC2058,若松ゴルフ倶楽部,808-0134 福岡県北九州市若松区乙丸１５６０ 若松ＧＣ,https://www.google.com/search?q=若松ゴルフ倶楽部,33.9158829,130.6825068
GC2059,唐津ゴルフ倶楽部,847-0882 佐賀県唐津市菅牟田６４−１,https://www.google.com/search?q=唐津ゴルフ倶楽部,33.420882,129.934939
GC2060,佐賀クラシックゴルフ倶楽部,846-0041 佐賀県多久市西多久町６０−１,https://www.google.com/search?q=佐賀クラシックゴルフ倶楽部,33.2500911,130.0625269
GC2061,佐賀ロイヤルゴルフクラブ,849-3201 佐賀県唐津市相知町相知２５４８−１,https://www.google.com/search?q=佐賀ロイヤルゴルフクラブ,33.3442331,130.0024831
GC2062,武雄・嬉野カントリークラブ,843-0231 佐賀県武雄市西川登町大字小田志１８３５６,https://www.google.com/search?q=武雄・嬉野カントリークラブ,33.1240359,129.9866083
GC2063,天山カントリークラブ 本コース,846-0002 佐賀県多久市北多久町大字小侍２３１８−１,https://www.google.com/search?q=天山カントリークラブ 本コース,33.2980317,130.0922624
GC2064,福岡セヴンヒルズゴルフ倶楽部,847-1108 佐賀県唐津市七山白木２４０３−３,https://www.google.com/search?q=福岡セヴンヒルズゴルフ倶楽部,33.4685283,130.0758799
GC2065,フジカントリークラブ,840-0512 佐賀県佐賀市富士町大字上熊川６９１,https://www.google.com/search?q=フジカントリークラブ,33.3564127,130.2410209
GC2066,ブリヂストンカンツリー倶楽部,841-0072 佐賀県鳥栖市村田町朝日９８６,https://www.google.com/search?q=ブリヂストンカンツリー倶楽部,33.3604633,130.4852869
GC2067,ユニマット大和不動カントリー倶楽部,840-0214 佐賀県佐賀市大和町大字川上５５７６,https://www.google.com/search?q=ユニマット大和不動カントリー倶楽部,33.3224183,130.2505899
GC2068,若木ゴルフ倶楽部,843-0152 佐賀県武雄市若木町大字本部１９３９−１,https://www.google.com/search?q=若木ゴルフ倶楽部,33.2470863,129.9797717
GC2069,愛野カントリー倶楽部,854-0301 長崎県雲仙市愛野町甲２７８９,https://www.google.com/search?q=愛野カントリー倶楽部,32.800809,130.181523
GC2070,雲仙ゴルフ場,854-0621 長崎県雲仙市小浜町雲仙５４８,https://www.google.com/search?q=雲仙ゴルフ場,32.7435563,130.2719469
GC2071,喜々津カントリー倶楽部,859-0403 長崎県諫早市多良見町市布１６５６−１,https://www.google.com/search?q=喜々津カントリー倶楽部,32.8195594,129.9723622
GC2072,佐世保カントリー倶楽部石盛岳ゴルフコース,857-0101 長崎県佐世保市知見寺町１４１０,https://www.google.com/search?q=佐世保カントリー倶楽部石盛岳ゴルフコース,33.2269444,129.7322222
GC2073,佐世保国際カントリー倶楽部,859-3161 長崎県佐世保市口の尾町１５８９,https://www.google.com/search?q=佐世保国際カントリー倶楽部,33.157812,129.822657
GC2074,佐世保・平戸カントリークラブ,859-6121 長崎県佐世保市江迎町奥川内２２０−６,https://www.google.com/search?q=佐世保・平戸カントリークラブ,33.3013225,129.6767375
GC2075,島原カントリー倶楽部,859-1505 長崎県南島原市深江町戊３９８７,https://www.google.com/search?q=島原カントリー倶楽部,32.7333631,130.3257085
GC2076,チサンカントリークラブ森山,854-0206 長崎県諫早市森山町唐比北１１１８,https://www.google.com/search?q=チサンカントリークラブ森山,32.8075669,130.1200881
GC2077,長崎国際ゴルフ倶楽部,854-0054 長崎県諫早市小ケ倉町５１,https://www.google.com/search?q=長崎国際ゴルフ倶楽部,32.8093054,130.0448308
GC2078,長崎パークカントリークラブ,851-3304 長崎県西海市西彼町上岳郷１２５５−１,https://www.google.com/search?q=長崎パークカントリークラブ,,
GC2079,ハウステンボス カントリークラブ,851-3423 長崎県西海市西彼町八木原郷２８７９−２,https://www.google.com/search?q=ハウステンボス カントリークラブ,33.0253758,129.7256801
GC2080,阿蘇大津ゴルフクラブ,869-1214 熊本県菊池郡大津町瀬田７１１,https://www.google.com/search?q=阿蘇大津ゴルフクラブ,32.8808414,130.9308338
GC2081,あつまる阿蘇赤水ゴルフ倶楽部,869-2232 熊本県阿蘇市赤水,https://www.google.com/search?q=あつまる阿蘇赤水ゴルフ倶楽部,32.9057129,131.0242775
GC2082,あつまるレークカントリークラブ,869-0511 熊本県宇城市松橋町曲野６１０,https://www.google.com/search?q=あつまるレークカントリークラブ,32.6699633,130.6933732
GC2083,菊池カントリークラブ,861-1441 熊本県菊池市原４９９３−１,https://www.google.com/search?q=菊池カントリークラブ,33.0397425,130.8834306
GC2084,熊本空港カントリークラブ,869-1106 熊本県菊池郡菊陽町曲手８３８,https://www.google.com/search?q=熊本空港カントリークラブ,32.8389205,130.8387145
GC2085,熊本クラウンゴルフ倶楽部,868-0442 熊本県球磨郡あさぎり町深田東１３０４−１,https://www.google.com/search?q=熊本クラウンゴルフ倶楽部,32.2605331,130.8701283
GC2086,くまもと中央カントリークラブ,869-1205 熊本県菊池市旭志川辺１２１７,https://www.google.com/search?q=くまもと中央カントリークラブ,32.9082495,130.8292579
GC2087,熊本益城カントリー倶楽部,861-2223 熊本県上益城郡益城町小池３４８３,https://www.google.com/search?q=熊本益城カントリー倶楽部,32.7421013,130.8182738
GC2088,熊本南カントリークラブ,861-4613 熊本県上益城郡甲佐町南三箇 南三箇１２７３−１８,https://www.google.com/search?q=熊本南カントリークラブ,32.6727333,130.7856445
GC2089,グランドチャンピオンゴルフクラブ,861-2404 熊本県阿蘇郡西原村河原３８３８−４,https://www.google.com/search?q=グランドチャンピオンゴルフクラブ,32.7968794,130.8975674
GC2090,不知火カントリークラブ,869-0562 熊本県宇城市不知火町長崎４２０５,https://www.google.com/search?q=不知火カントリークラブ,32.6458769,130.625183
GC2091,高遊原カントリークラブ,861-2202 熊本県上益城郡益城町田原１１２２,https://www.google.com/search?q=高遊原カントリークラブ,32.8221282,130.8381042
GC2092,玉名カントリークラブ,865-0008 熊本県玉名市石貫３９８７,https://www.google.com/search?q=玉名カントリークラブ,32.95634070000001,130.5717773
GC2093,チェリーゴルフ宇土コース,869-0413 熊本県宇土市花園町２７５３−６,https://www.google.com/search?q=チェリーゴルフ宇土コース,32.680622,130.708082
GC2094,チェリーゴルフクラブ天草コース,869-3603 熊本県上天草市大矢野町中１１３５６,https://www.google.com/search?q=チェリーゴルフクラブ天草コース,32.5571588,130.4234863
GC2095,チェリーゴルフ人吉コース,868-0095 熊本県球磨郡相良村柳瀬２３６４,https://www.google.com/search?q=チェリーゴルフ人吉コース,32.2144165,130.7816925
GC2096,チサンカントリークラブ御船,861-3203 熊本県上益城郡御船町高木２７２１−２,https://www.google.com/search?q=チサンカントリークラブ御船,32.73507,130.806485
GC2097,八代ゴルフ倶楽部,869-5172 熊本県八代市二見本町２７５５,https://www.google.com/search?q=八代ゴルフ倶楽部,32.3933867,130.563556
GC2098,天瀬温泉カントリークラブ,879-4201 大分県日田市天瀬町桜竹８４１−２１,https://www.google.com/search?q=天瀬温泉カントリークラブ,33.244122,131.016464
GC2099,臼杵カントリークラブ,875-0071 大分県臼杵市吉小野２９５０−１,https://www.google.com/search?q=臼杵カントリークラブ,33.1083949,131.7236573
GC2100,大分カントリークラブ月形コース,879-7872 大分県大分市月形１１２２,https://www.google.com/search?q=大分カントリークラブ月形コース,33.1082832,131.7093074
GC2101,大分サニーヒルゴルフ倶楽部,879-5502 大分県由布市挾間町向原８６４−１,https://www.google.com/search?q=大分サニーヒルゴルフ倶楽部,33.20417,131.491688
GC2102,大分竹中カントリークラブ,879-7501 大分県大分市竹中４３９１,https://www.google.com/search?q=大分竹中カントリークラブ,33.1351839,131.6423008
GC2103,大分ななせゴルフ倶楽部,870-1223 大分県大分市今市５４１,https://www.google.com/search?q=大分ななせゴルフ倶楽部,33.1170346,131.4596159
GC2104,久住高原ゴルフ倶楽部,878-0205 大分県竹田市久住町大字白丹3866番地,https://www.google.com/search?q=久住高原ゴルフ倶楽部,33.0292848,131.2453361
GC2105,中津カントリークラブ,879-0104 大分県中津市野依１３４７,https://www.google.com/search?q=中津カントリークラブ,33.547846,131.2569344
GC2106,日田国際ゴルフクラブ,877-0000 大分県日田市友田３３３３−１,https://www.google.com/search?q=日田国際ゴルフクラブ,33.3223593,130.8844725
GC2107,別府ゴルフ倶楽部,879-1313 大分県杵築市山香町大字久木野尾１７５３−４,https://www.google.com/search?q=別府ゴルフ倶楽部,33.3745372,131.4400797
GC2108,別府の森ゴルフ倶楽部,874-0805 大分県別府市枝郷,https://www.google.com/search?q=別府の森ゴルフ倶楽部,33.2339996,131.4651674
GC2109,三重カントリークラブ,879-7102 大分県豊後大野市三重町菅生５５２,https://www.google.com/search?q=三重カントリークラブ,33.0104128,131.6253898
GC2110,青島ゴルフ倶楽部,889-2164 宮崎県宮崎市折生迫 字大谷４１８０,https://www.google.com/search?q=青島ゴルフ倶楽部,31.7965755,131.4586639
GC2111,北方ゴルフクラブ,882-0106 宮崎県延岡市北方町笠下寅１５６６,https://www.google.com/search?q=北方ゴルフクラブ,32.543543,131.54177
GC2112,延岡ゴルフクラブ,882-0095 宮崎県延岡市浦城町１１６１,https://www.google.com/search?q=延岡ゴルフクラブ,,
GC2113,フェニックスカントリークラブ,880-0122 宮崎県宮崎市塩路字浜山３０８３,https://www.google.com/search?q=フェニックスカントリークラブ,31.9745821,131.4728207
GC2114,美々津カントリークラブ,889-1121 宮崎県日向市東郷町山陰甲４１７−９４,https://www.google.com/search?q=美々津カントリークラブ,32.3192033,131.5663566
GC2115,宮崎カントリークラブ,880-0911 宮崎県宮崎市田吉４８５５−９０,https://www.google.com/search?q=宮崎カントリークラブ,31.863578,131.446152
GC2116,宮崎国際空港カントリークラブ,889-1702 宮崎県宮崎市田野町乙５０３０−２,https://www.google.com/search?q=宮崎国際空港カントリークラブ,31.829883,131.2620207
GC2117,宮崎座論梅ゴルフクラブ,889-1406 宮崎県児湯郡新富町新田１７６０５,https://www.google.com/search?q=宮崎座論梅ゴルフクラブ,32.1202453,131.4522089
GC2118,宮崎レイクサイドゴルフ倶楽部,889-1602 宮崎県宮崎市清武町今泉丙１３３１−１,https://www.google.com/search?q=宮崎レイクサイドゴルフ倶楽部,31.8344024,131.3791704
GC2119,リージェント宮崎カントリークラブ,889-4602 宮崎県都城市山田町中霧島４４２３−４,https://www.google.com/search?q=リージェント宮崎カントリークラブ,31.79626709999999,130.988634
GC2120,レインボースポーツランドゴルフクラブ,885-1205 宮崎県都城市高城町石山４４７４,https://www.google.com/search?q=レインボースポーツランドゴルフクラブ,31.82163349999999,131.1330655
GC2121,奄美カントリークラブ,894-0001 鹿児島県奄美市名瀬大字大熊小又３４６−１,https://www.google.com/search?q=奄美カントリークラブ,28.4158862,129.533808
GC2122,出水ゴルフクラブ,899-0217 鹿児島県出水市平和町２７９,https://www.google.com/search?q=出水ゴルフクラブ,32.082867,130.327324
GC2123,いぶすきゴルフクラブ,891-0602 鹿児島県指宿市開聞川尻６６６０,https://www.google.com/search?q=いぶすきゴルフクラブ,31.184128,130.5470311
GC2124,大隅カントリークラブ,899-8313 鹿児島県曽於郡大崎町野方８５１９−２,https://www.google.com/search?q=大隅カントリークラブ,31.530025,130.942955
GC2125,かごしま空港36カントリークラブ,899-6302 鹿児島県霧島市横川町下ノ１０２３,https://www.google.com/search?q=かごしま空港36カントリークラブ,31.8833597,130.7054213
GC2126,蒲生カントリークラブ,899-5308 鹿児島県姶良市蒲生町米丸２４４８,https://www.google.com/search?q=蒲生カントリークラブ,31.7950043,130.5619411
GC2127,喜入カントリークラブ,891-0204 鹿児島県鹿児島市喜入一倉町１１６１７−１,https://www.google.com/search?q=喜入カントリークラブ,31.3610914,130.5035382
GC2128,霧島ゴルフクラブ,899-6603 鹿児島県霧島市牧園町高千穂３３１１,https://www.google.com/search?q=霧島ゴルフクラブ,31.8738325,130.8055388
GC2129,グリーンヒルカントリークラブ,895-1203 鹿児島県薩摩川内市樋脇町市比野２５０,https://www.google.com/search?q=グリーンヒルカントリークラブ,31.796379,130.4191589
GC2130,祁答院ゴルフ倶楽部,895-1501 鹿児島県薩摩川内市祁答院町下手３６００,https://www.google.com/search?q=祁答院ゴルフ倶楽部,31.8605184,130.4996451
GC2131,ゴールデンパームカントリークラブ,891-1303 鹿児島県鹿児島市本城町３６６,https://www.google.com/search?q=ゴールデンパームカントリークラブ,31.7148383,130.5538183
GC2132,島津ゴルフ倶楽部,891-1305 鹿児島県鹿児島市宮之浦町４０９２−２,https://www.google.com/search?q=島津ゴルフ倶楽部,31.6900324,130.5988551
GC2133,知覧カントリークラブ,897-0302 鹿児島県南九州市知覧町郡８６３０,https://www.google.com/search?q=知覧カントリークラブ,31.399989,130.500426
GC2134,南国カンツリークラブ,892-0871 鹿児島県鹿児島市吉野町６７６９,https://www.google.com/search?q=南国カンツリークラブ,31.63705,130.596884
GC2135,溝辺カントリークラブ,899-6401 鹿児島県霧島市溝辺町有川９６３−１１,https://www.google.com/search?q=溝辺カントリークラブ,31.8395172,130.6755383
GC2136,南九州カントリークラブ,899-2504 鹿児島県日置市伊集院町郡５４９,https://www.google.com/search?q=南九州カントリークラブ,31.63991099999999,130.415504
GC2137,湯の浦カントリー倶楽部,899-3303 鹿児島県日置市吹上町湯之浦３９３,https://www.google.com/search?q=湯の浦カントリー倶楽部,31.4934252,130.357433
GC2138,沖縄カントリークラブ,903-0114 沖縄県中頭郡西原町桃原１０９,https://www.google.com/search?q=沖縄カントリークラブ,26.2149611,127.7471539
GC2139,沖縄ロイヤルゴルフクラブ,904-1113 沖縄県うるま市石川山城１４３６,https://www.google.com/search?q=沖縄ロイヤルゴルフクラブ,26.42026,127.8011
GC2140,カヌチャリゾート カヌチャゴルフコース,905-2263 沖縄県名護市安部１５６−２,https://www.google.com/search?q=カヌチャリゾート カヌチャゴルフコース,26.5486449,128.076205
GC2141,かねひで喜瀬カントリークラブ,905-0026 沖縄県名護市喜瀬１１０７−１,https://www.google.com/search?q=かねひで喜瀬カントリークラブ,26.5241373,127.9393349
GC2142,ザ・サザンリンクスゴルフクラブ,901-0513 沖縄県島尻郡八重瀬町玻名城６９７,https://www.google.com/search?q=ザ・サザンリンクスゴルフクラブ,26.1141278,127.7394229
GC2143,ジ・アッタテラス ゴルフリゾート,904-0402 沖縄県国頭郡恩納村安富祖１０７９,https://www.google.com/search?q=ジ・アッタテラス ゴルフリゾート,26.4997523,127.8960563
GC2144,美らオーチャードゴルフ倶楽部,904-0402 沖縄県国頭郡恩納村安富祖１５７７,https://www.google.com/search?q=美らオーチャードゴルフ倶楽部,26.5100539,127.8927318
GC2145,那覇ゴルフ倶楽部,901-0402 沖縄県島尻郡八重瀬町富盛２２７０,https://www.google.com/search?q=那覇ゴルフ倶楽部,,
GC2146,パームヒルズゴルフリゾート,901-0323 沖縄県糸満市新垣７６２,https://www.google.com/search?q=パームヒルズゴルフリゾート,26.1219521,127.7078585
GC2147,PGMゴルフリゾート沖縄,904-0413 沖縄県国頭郡恩納村冨着１０４３,https://www.google.com/search?q=PGMゴルフリゾート沖縄,26.4550111,127.8202105
GC2148,琉球ゴルフ倶楽部,901-0608 沖縄県南城市玉城親慶原１,https://www.google.com/search?q=琉球ゴルフ倶楽部,26.1480503,127.7799272
